UUID,background_key_words
43dc417b-ef8a-4830-a3d3-c1e6c99c020c,"-Completed,32NICS,33NICS,45CProgramming,51NICS,Android,C,C++,C/C++,Client,Computer,Course,CourseTakenGradeICS,CourseTitleInstructorPositionWhenICS,ECG,IbrahimTA2023-fallSWE,IbrahimTA2023-springICS,Java,LCD,Linux,MajumderTA2023-winter,MalekTA2021-winterCS,OpenCV,PIC,Python,SQL,Ubuntu,VHDL,VRAditi,Windows,scikit-learn"
d0f189c8-9aac-46d6-9b15-c88e19b4c613,"080NICS,164NICS,Cal,Canvas,Chaffey,College,Communication,Course,CourseTakenGradeINF,CourseTitleInstructorPositionWhenINF,MarkTA2020-fallINF,PCs,SQL,SalenTA2021-winterINF,Scully-BlakerTA2021-spring,Unix,Windows"
bf892218-1e93-4829-aeaa-caef07d11a52,"BritchTA2022-springINF,CS,Centered,ChenTA2021-fallINF,Computer,Course,CourseTakenGradeINF,CourseTitleInstructorPositionWhenINF,PiperTA2022-fall,TekinbasTA2022-winterGDIM165Games"
069c0e89-f461-426b-9b0a-50a71449f43f,"122AY10ICS,3years-Windows,45JY10CS,6DY9CS,AWS,C,C++,CGP,CSS,Cloud,Computer,Convolutional,Council,Course,CourseTakenGradeICS,Coursera,English,HTML,Java,Javascript,MVC,MySQL,Python,SQL,TensorFlow,Windows,communication,engineering"
90b8f4d0-c5b5-42f6-b810-57e087f1f059,"285INTERACTIVE,C++,Course,CourseTakenGradeINF,CourseTitleInstructorPositionWhenINF,Django,HTML,HoekTA2022-fallICS,Java,Javascript,Linux,MartinsTA2023-winterINF,PattersonTA2023-spring,Python,React.js,SQL,TA,TECHDon,Vue.js,developer,engineer"
d0840ad8-5a7e-4e0c-90e8-4c3c944cb749,"117NCS,172B/274CDeep,175NCS,273ANCS,BaldiTA2023-spring,C,C++,CS117,CS172B/274C,CS178,Computer,Course,CourseTakenGradeCS,CourseTitleInstructorPositionWhenCS,IhlerTA2020-fallCS,IhlerTA2023-winterCS,Java,TA,ThessalyTA2022-fallCS"
f2ba1f18-4ef6-4d76-b00f-e134e8bef5b9,"178YICS,31YICS,45YICS,AlfaroTA2022-fallICS,C++,Course,CourseTakenGradeICS,CourseTitleInstructorPositionWhenICS,GagoTA2023-spring,GasskoReader2022-springICS,Java,Linux,Python,StructurGopi,TA,TA2023-winterICS,Windows"
41f123c9-da24-4c07-bd35-f96bacee75e1,"134YACS,167YAICS,3.Computer,45CYA,45JYAICS,AWS,Angular,C,C++,C/C++,CSS,Cisco,Cloud,Communication,Computer,Computing,Course,CourseTakenGradeCS,DNACs,Debian,Docker,Git,HTML,Java,JavaScript,Kubernetes,Linux,PostgresSQL,Python,React,SQL,Ubuntu,VHDL,Verilog,Windows,engineer,intern,•Completed,•Created"
bce8f88d-918d-427a-9068-32482b5091aa,"Cognitive,Computer,Course,CourseTakenGradeINF,Human-Computer,NICS"
94c5cefe-a4a2-4f4e-8941-d860804887a8,"43YAICS,46DATA,46YACS,C,C++,CS,CSE,CSS,Course,CourseTakenGradeICS,CourseTitleInstructorPositionWhenICS,EECS,Github,Go,HTML,ICS,ICS/COMPSCI,Java,Javascript,Linux,Python,RISC-V,SQL,STRC,Scala,ShindlerReader2022-fallICS,ShindlerReader2022-springICS,UCI,VHDL,VSCode/PyCharm/Vivado,Verilog,Windows,internship"
b69e68b0-00fb-45e8-b42f-f221f16dfff3,"45CNN/AICS,45JNN/AICS,46NN/AICS,C,C++,C++Kevin,CSS,Canvas,Computer,Course,CourseTakenGradeICS,CourseTitleInstructorPositionWhenCSE,Go,HTML,Java,JavaScript,Linux,PC,Python,SQL,TA,TA2022-fallCSE,TA2022-winter,Windows,engineer,engineering"
963edbb8-d2e3-4210-abb2-fb01cf3327a6,"20Computers,6BYAICS,6DYAICS,6NYAHCS,C,C++,C-like,C.,CAS,Course,CourseTakenGradeICS,Java,Linux,MySQL,Node.js,Python,SQL,Ubuntu,Windows,tutor,tutoring"
a786ab42-9576-4f68-9595-513e541a8ec5,"101Concepts,BRAC,C++,C.,COVID-19,CS106A,Code,Computer,Contest,Contractual,Course,CourseTakenGradeICS,CourseTitleInstructorPositionWhenINF,Currently,GangulyTA2023-winterINF,ICSE,Java,JavaKishan,KabirTA2022-summerICS,Linux,Muheymin-Us-SakibTA2023-winter,Muheymin-Us-SakibTA2023-winterICS,MySQL,Python,Windows,developer,engineering,international,publication,thesis"
707da57c-192b-4a60-99d1-77381a1732ef,"12Y4.0EECS,148COMPUTER,40Y4.0EECS,C,C++,Computer,Course,CourseTakenGradeEECS,CourseTitleInstructorPositionWhenEECS,Django,Flask,Java,JavaScript,Linux,Python,SQL,Windows"
51dc2706-962c-42e4-ac3d-1a7dd93e9f62,"122BYCS,141YCS,143AYCS,AWS,Android,C++,Certification,Certified,Cloud,CloudWatch,Computer,Computing,Course,CourseTakenGradeCS,EC2,Google,Java,Oracle,Python,React,SQL,Unix"
895f5b53-5426-4ceb-8372-9dac548a0c0a,"C++/,Computer,Course,CourseTakenGradeINF,Java,Linux,Python,SQL,Windows/"
00bf13dd-9e7f-43ed-a21e-7a224391a67a,"139WCritical,139WNICS,6BNICS,6DNICS,C,C++,Computer,Course,CourseTakenGradeICS,CourseTitleInstructorPositionWhenICS,Currently,DenenbergTA2022-fall,DenenbergTA2022-springICS,HayesTA2022-winterICS,ICS,Linux,MATLAB,MacOS,Python,SQL,TA,TAs,TOEP/English,Windows,YoungTA2021-fallICS"
01957905-4468-4b49-9eae-1c6d69cb2c75,"//www.section.io/engineering-education/authors/adith-bharadwaj/,129YA+ICS,AWS,Ansible,C++,C/C++,CI/CD,Cisco,Course,CourseTakenGradeINF,CourseTitleInstructorPositionWhenINF,DynamoDB,Fedora,GarettTA2023-winterINF,Golang,HoekTA2023-spring,Java,Linux,MySQL,Python,SQL,Ubuntu,developer,intern,interpersonal/communication,problem-solving"
3c54980b-7018-4747-9ced-eed269caffce,"032NICS,045CN,139WICS,139WNICS,BietzTA2022-fallGDIM,C/C++,CUDA,Computing,Course,CourseTakenGradeICS,CourseTitleInstructorPositionWhenICS,Critical,DenenbergTA2023-spring,Linux,Python,SquireTA2023-winterICS,Windows"
b5e9c4e1-08d1-443d-98a7-86fe610af080,"230YACS,274DYACS,C++,Computer,Course,CourseTakenGradeCS,CourseTitleInstructorPositionWhenCS,HTML/CSS,MongoDB,Perl,Python,React,SQL,StrzhelestkaReader2020-fallCS,StrzhelestkaReader2021-fallCS,StrzhelestkaReader2021-winterCS"
8e83aec5-1c00-40ad-9938-f098561e15d2,"031NCS,116Computational,178YA-CS,273AYA-ICS,C++,Computer,Course,CourseTakenGradeCS,CourseTitleInstructorPositionWhenCS,FowlkesTA2021-winterCS,HarrisTA2022-summerCS,Java,Linux,MATLAB,MacOS,MandtTA2021-springICS,Python,SQL,SmythTA2022-fall,VisionCharless,Windows"
ce8f36d6-19f2-468d-b976-110204585e61,"ArmstrongReader2020-fallSTAT,ArmstrongTA2021-fallSTAT,ArmstrongTA2021-summer,BIOSTATS,C++,Course,CourseTakenGradeSTAT,CourseTitleInstructorPositionWhenSTAT,MCMC,N-STAT,SECA,SECC,SQL,STAT/CSDavid,STATS,STATSDave,ShenReader2020-winterSTAT,tutoring"
55748ae5-8311-4b25-a2c2-4b18ee9f10c5,"120AYBICS,6NYASTAT,7YASTAT,C++,C.,Course,CourseTakenGradeICS,Linux,MATLAB,Windows,tutor"
1f9675b9-a15b-4040-bf17-388ef2fb845a,"220PN0.0CS,253PN0.0CS,271PN0.0CS,ACID,Class,Common-Table,Course,CourseTakenGradeCS,SQL,leadership"
153169dd-afe3-43b9-8222-a31442b38792,"43YICS,45CYSTAT,C,C++,Course,CourseTakenGradeINF,Docker,EECS,Linux,MongoDB,Python,SQL,Windows,internship"
9c4db755-a53e-414c-bb01-b2ee86f86214,"101N0.0ICS,32AN0.0ICS,C,C++,CSS,Computer,Course,CourseTakenGradeCS,DNS,Django,Git,HTML,HTTP,Java,JavaScript,Linux,Linux-based,MongoDB,NoSQL,Node.js,PostgreSQL,Python,React,React.js,SQL,TCP/IP,Windows"
8093b051-6a8f-4550-9680-ab272799cb5e,"101Computer,132YA-CS,147YA+ICS,151YBCS,BanerjeeTA2018-fall,C,C/C++,Chip,Code,Compiler,Composer,Computer,Computing,Course,CourseTakenGradeCS,CourseTitleInstructorPositionWhenCS,Cypress,Git,HTML,JIRA,Linux,MATLAB,PSoC,Python,RISC-V/ARM,Verilog,Windows"
d6187189-4889-46e0-ab9e-9f912655da9c,"C,C++,Control,Course,CourseTitleInstructorPositionWhenMSWE,ICS,Linux,MartinsTA2022-fallICS,MartinsTA2022-fallMSWE,MartinsTA2023-spring,MartinsTA2023-winterINF,MySQL,NoSQL,OpenCV,TA,TensorFlow"
f8546b01-215e-4f10-8b8b-1e1c7c0df462,"139WCritical,139WYTASTAT,143AYTACS,238POPERATING,256YAICS,AlfaroTA2022-springCS,Android,BicTA2021-fallCS,BicTA2022-winterICS,C,C/C++,Communications,Computer,Computing,Coral,Course,CourseTakenGradeCS,CourseTitleInstructorPositionWhenCS,Google,HTML/CSS,Java,Linux,MacOS,Microcontrollers,PHP,PostgreSQL,Python,SQL,Ubuntu,VHDL,VenkatasubramanianTA2022-fall,Windows,communication,conference,journal,publication-ready"
bf228fbf-113b-489e-92f3-84835ae3e747,"110NSTAT,67NSTAT,BaldiReader2021-fallSTAT,BaldiTA2022-fallSTAT,C,Course,CourseTakenGradeSTAT,CourseTitleInstructorPositionWhenSTAT,Good,GulesserianTA2023-spring,Java,KuceraTA2023-winterSTAT,Linux,Python,SQL,Windows"
537f3abf-f036-4507-9b90-72f069b94639,"166Capstone,Course,CourseTakenGradeGDIM,CourseTitleInstructorPositionWhenICS,DesignCraig,FundamentalsConstance,MorrisonTA2021-springGDIM,SteinkuehlerTA2022-fallGDIM,TanenbaumTA2021-winterICS,TrammellTA2023-winter"
e304937a-7227-4ec6-9289-cc85fb6d1b45,"41YAICS,C++,CS,Code,ComputingRoderic,Course,CourseTakenGradeGDIM,CourseTitleInstructorPositionWhenINF,CrooksTA2021-fallGDIM,ICS,Java,OTA2022-summer,SocietyConstance,SteinkuehlerTA2022-springGDIM,TA,TrammellTA2022-winterGDIM,UCI,Windows"
c7950047-14c3-4c73-8af7-f1c366a2aac1,"6NSTAT,7NSTAT,8NSTAT,C++,Course,CourseTakenGradeSTAT,Python,Windows"
e47868d8-d7a1-4b4d-9f56-efa1291b4bb6,"139WCritical,139WNICS,31NICS,32NICS,AlfaroTA2022-fallICS,Course,CourseTakenGradeICS,CourseTitleInstructorPositionWhenICS,IbrahimTA2023-springICS,IbrahimTA2023-summer,IbrahimTA2023-winterICS,Linux,Python,Windows"
65bc76c3-5891-48aa-9a21-934c061b197c,"132Computer,139WCritical,139WNCS,296PCAPSTONE,296PNICS,COMMNils,CS,CS132,Communications,Computer,Course,CourseTakenGradeCS,CourseTitleInstructorPositionWhenCS,Critical,ICS139W,LevoratoTA2022-winterCS,LevoratoTA2023-winter,RandrupTA2022-springICS,TA,TAing,YoungTA2022-fallCS"
73b16fd2-b54c-46bb-9ba9-0ff17e322f4d,"110YA+STAT,67YA+STAT,6YA+STAT,C++,Course,CourseTakenGradeSTAT,CourseTitleInstructorPositionWhenSTAT,SQL,STATGulesserian,Windows"
9c5de6a1-2465-4145-bae1-a1e42dda13a8,"141NCS,161NCS,171NCS,Angular,C/C++,CSS,Computing,Course,CourseTakenGradeCS,Django,Git,HTML,Java,JavaScript,Linux,PostgreSQL,Python,React,SQL,Vue,Windows,internship"
71e792c3-5542-4478-9104-3d5ebc6a373e,"132COMPUTER,132NCS,232NICS,32ANICS,45CProgramming,C++,C/C++,CS132,CS230,Course,CourseTakenGradeCS,CourseTitleInstructorPositionWhenCS,ICDE'19,ICS45C,JordanTA2020-fallCS,Python,RA,TA,TMC,ThorntonTA2021-spring,UCI,Ubuntu,VenkatasubramaniamTA2021-winterICS"
51bc6669-f6b0-475d-9ed0-8a8f79dfe0f7,"31NICS,33NICS,45CNCS,C,C++,Course,CourseTakenGradeICS,FRC,Java,MongoDB,PwC,Python,UCSB,Windows,tutoring"
bee5c96d-8d89-4cff-ac92-5849bf5e44a5,"7NSTAT,Azure,C,C++,Cloud,Computer,Computing,Course,CourseTakenGradeSTAT,Cryptography,Docker,Flask,Java,Kubernetes,Linux,PostgreSQL,Python,SQL,Windows,engineer"
5b5a9b08-c31d-41c6-b5fa-6f2f3df0c0d5,"232YCS,C,C++,Course,CourseTakenGradeCS,Linux-based"
ad0ad1e8-3c5d-4236-90cd-b7c934a1e0bc,"132NCS,134NCS,147NCS,Android,C,C++,Course,CourseTakenGradeCS,Java,Linux"
bbab5221-3712-48fd-bb3d-0ce6772dfaa7,"C++,C/C++,COVID-19,Cloud,Computer,Course,CourseTakenGradeSWE,CourseTitleInstructorPositionWhenCS,Java,Kotlin,Linux,LipskochTA2020-springCS,Python,SQL,SchönwälderTA2019-fall,Swift,UCI,Windows,ZaspelTA2020-springICS,internship"
60e84629-85a1-4aad-8f42-c951f3fb6d0f,"31NICS,45CN,46NICS,6DNICS,C++,C/C++,CS,China,Course,CourseTakenGradeICS,EECS,Java,Linux,PyTorch,Python,SQL,UCI"
edb74997-67d6-434b-ab27-f78874452e55,"122BNACS,132Computer,147NA+CS,151NACS,6010Computer,C,C++,CS,CS3210,CS3220,CS3300,CS4400,CSE6010,Cherry,Computer,Course,CourseTakenGradeCS,CourseTitleInstructorPositionWhenCS,ECE6132,FPGA,Fedora,Java,LevoratoTA2022-winter,Linux,MySQL,Python,RISC-V,TA,TA2020-fallCS,TA2021-springCSE,UCI,VHDL,Verilog,Windows,engineering,synthesis"
a2403f49-0b3b-4de0-8376-cdd2ade72287,"113Computer,43Y87ICS,BangTA2022-winterSWE,C,C++,Course,CourseTakenGradeICS,CourseTitleInstructorPositionWhenCS,Django,GarciaTA2022-springICS,HTML,Java,Javascript,Linux,MySQL,NashTA2022-fall,Python,SQL,Windows,engineering"
90961571-0b2f-4b3c-9ba2-249a87d9780f,"112NCS,134NCS,141NCS,C++,Course,CourseTakenGradeCS,Java,Windows"
45aa71e9-bb54-44b5-acac-2b6783834b64,"Android,C,C++,Concurrency,Course,CourseTakenGradeSWE,Java,Kotlin,Linux"
9c6e9fd7-adf2-4d5d-ac30-58ea0a1266c2,"51YAICS,C++,C/C++,Compilers,Course,CourseTakenGradeICS,Java,Linux,Python"
d8d56212-94b6-4690-985f-353aceb2ebb7,"Course,Python,SQL,Windows"
12dcca66-a6a2-403e-a644-13189c73bc84,"121YAICS,51YACS,6NCOMP,6NNACS,ALGEBRAGopi,COMPUTER,Course,CourseTakenGradeICS,CourseTitleInstructorPositionWhenICS,EliTA2023-springCS,MeenakshisundaramTA2022-fallICS,Python,Windows"
f8a5c6db-87e9-4236-a372-7cfff2d0aaa8,"161NICS,BhattacharyaTA2022-fallINF,C,C++,Computing,Course,CourseTakenGradeINF,CourseTitleInstructorPositionWhenCS,GS108/STATS,MATLAB,NavarroTA2023-spring,NavarroTA2023-winterINF,Python,SQL"
afd241e0-22f6-4421-9b09-6d8c05886126,"31NICS,45CN,51NICS,53NICS,C,C++,Computer,Computing,Course,CourseTakenGradeICS,CourseTitleInstructorPositionWhenICS,DoemerTA2017-fallCS,Java,NicolauTA2023-springICS,TA,Unix,VHDL,Windows,Wong-MaTA2021-springEECS"
7044cde8-db3b-4b9f-880b-52c552bc49d2,"3NICS,5NICS,9NICS,Android,C,CSS,Colab,Course,CourseTakenGradeICS,CourseTitleInstructorPositionWhenMSWE244PAlberto,Django,GardnerTA2023-springMHCIDIN4MATX,Google,HTML,Java,JavaScript,Linux,MongoDB,Node.js,PattersonTA2023-winter,PyTorch,Python,TA2022-fallICS,TA2022-fallMSWE246PAlberto,TensorFlow"
e5b66bfd-6761-4ce2-b0f1-ab3888316cfa,"143AYICS,31YICS,46YICS,ARINC,C,C++,C.,CSV,Circuit,Collins,Communication,Computer,Cortex,Course,CourseTakenGradeCS,CourseTitleInstructorPositionWhenINF,Currently,Curriculum,FCC,FPGA,Java,Linux,Microcontroller,MoshirpourTA2023-spring,MoshirpourTA2023-winterICS,Oracle,Python,SQL,TA,Ubuntu,VHDL,Windows"
17192287-9fce-4ed4-b96b-6219a420eef6,"161YACS,162YAICS,171YNACS,Course,CourseTakenGradeCS,CourseTitleInstructorPositionWhenCS,Java,KaskTA2021-fallCS,KaskTA2021-spring"
07428e5a-a474-4ccb-b5b5-cbac620a4a85,"45CIntroduction,45CYSCS,45JYSICS,C,C++,C++Ray,CS,CSE,Course,CourseTakenGradeICS,CourseTitleInstructorPositionWhenCS,Java,KlefstadTA2023-spring,Linux,MehrotraTA2022-fallCS,MongoDB,NOSQL,Python,SQL,SaniTA2023-winterICS,UCI,Windows,gRPC"
85306182-c29e-41ff-b9a7-99e1bc96f46d,"122BY9ICS,143AY9CS,45CY10CS,AWS,Android,C,C.,Challenge,Cloud,Coming,Computer,Convolutional,Course,CourseTakenGradeCS,Django,Docker,English,Flask,GCP,Golang,Google,Java,Kubernetes,Linux,MacOS,MySQL,OpenCV,PostgreSQL,Python,SQL,Ubuntu,Windows,communication,manager,tutored"
1e68b5a0-1d17-4337-a550-56ccf6617534,"171NCS,178NICS,184ANCS,AngularJS,C,C++,Computer,Course,CourseTakenGradeCS,Java,Linux,MongoDB,MySQL,PyTorch,Python,ReactJS,Windows,conference,internship"
c0483567-dad5-4729-8977-5a1e619a8c3e,"161NICS,178NCS,21974/2022-CO/L,46NCS,Blender,C,Computer,Copyright,Course,CourseTakenGradeCS,CyINSAT,Cyclone,Government,HTML,ICICV,JavaScript,Linux,MongoDB,MySQL,PyTorch,Python,ROC,Windows,conference,internship"
c7d9fb6d-7c2a-418d-80f4-c61017132fc5,"141NICS,147NCS,151NCS,C,C++,Course,CourseTakenGradeCS,Linux,MATLAB,Python,VHDL,Windows"
9dd548cd-2334-429e-a3c7-87207bc8447a,"46DATA,BlaserTA2019-springCS,C,C++,C/C++,CS142A,CS162,Compilers,Compilers/Interpreters,Course,CourseTakenGradeCS,CourseTitleInstructorPositionWhenCS,ICS,Java,Linux,MacOS,Python,STRC,ShindlerTA2020-fallICS,ShindlerTA2020-springICS,ShindlerTA2021-winter,TA,Unix,Windows"
34d4a1e6-00b6-49b6-9de3-b7549ce3f6dc,"122ANCS,122BNCS,171NCS,C++,CRUD,Course,CourseTakenGradeCS,Git,JDBC,Java,MVC,MongoDB,MySQL,SQL,Ubuntu/Linux,engineering"
63dde017-9784-4302-be8a-1bccbab81ebf,"164ChildrenRebecca,289HCID,BlackTA2022-fall,ComputingKylie,Course,CourseTakenGradeINF,CourseTitleInstructorPositionWhenINF,OlsonTA2023-springINF,OlsonTA2023-winterINF,PepplerTA2022-winterINF"
a9dd6570-9b6a-4d0b-afd5-bce9161b558a,"122AY3.9ICS,6BY3.8CS,C/C++,CSE,Computer,Course,CourseTakenGradeCS,CourseTitleInstructorPositionWhenCSE,HsiaTA2021-fall,Java,JavaScript,Linux,McGahaTA2021-springCSE,Python,SQL,TA,Windows"
82ee2121-0174-40c0-93c7-62da6991b58b,"273AYICS,273MACHINE,Course,CourseTakenGradeCS,CourseTitleInstructorPositionWhenCS,ICS,ITA2021-winterCS,ITA2022-summer,Java,MANDTTA2020-fallICS,PRINCP,PTA2023-springICS,Python,TA,UCI,Unix,VHDL,Windows"
c2ea3567-6b05-464b-b4e9-5daea8cbf9e2,"220PY4.0CS,253PY4.0CS,260PY4.0CS,C++,COVID-19,CSS,Coders,Community,Course,CourseTakenGradeCS,Goldman,HTML,Java,Linux,MOOC,MongoDB,ReactJS,SQL,TA,Ubuntu,Windows,developer,internship,tutor"
91a267a7-4fe6-40b8-bba1-794cc965071d,"Cloud,Coding,College,Computer,Computing,Course,CourseTakenGradeINF,CourseTitleInstructorPositionWhenINF,HoekTA2023-spring,Java,Linux,MacOS,NavarroTA2022-winterSWE,PSQL,Python,SQL,TA,VMware,ZivTA2022-fallINF"
67676d19-e743-414d-8eec-210867fb1b7e,"132Computer,31ANICS,31NICS,32NICS,BaldwinTA2020-fallEECS,C++,Course,CourseTakenGradeICS,CourseTitleInstructorPositionWhenCS,EECS,ICS,KAVIANPOURTA2019-fall,LiTA2023-springEECS,Python,TA,TsengTA2023-winterICS,UCI,VHDL,Windows"
deb352a5-b649-43ba-b1d7-f6fee9fcfe98,"142ACompilers,142ANCS,242PCompilersFranzTA2023-winterCS,45CNICS,46NCS,C,C++,Compilers,Course,CourseTakenGradeICS,CourseTitleInstructorPositionWhenICS,InterpretersDemskyTA2020-springCS,ProjectsKlefstadTA2022-spring,Rust,StructuresShindlerTA2022-fallCS,Verilog"
be78f354-6f41-45c5-8a89-1719205803ac,"45CPROGRAM,45CY,45JYAICS,4YAICS,6NYAICS,C,C/C++,CS,Course,CourseTakenGradeICS,CourseTitleInstructorPositionWhenCS,Covid,DATA,FTA2023-spring,Java,KLEFSTAD,Linux,MGMTMEHROTRA,RTA2022-winterCS,S.TA2022-fallICS,SQL,TA,Windows"
bcd29e4b-c2a2-4494-acce-779430c63b06,"C++,CSS,College,Course,CourseTakenGradeSWE,CourseTitleInstructorPositionWhenINF,French,GillespieTA2021-fallSWE,HTML,Java,TA,TA2022-fall,TA2022-fallSWE,UCI,engineering,tutor,tutoring"
5ad9a8ad-653c-43ef-a8d3-5e66161294ac,"Course,CourseTakenGradeINF,HCI,Windows"
994fbd70-ca7f-4c84-ab1e-9dde08e6f6e1,"120CIntro,67NSTAT,7NSTAT,8NSTAT,ArmstrongTA2021-fallSTAT,BaldiTA2022-winterSTAT,C,C++,Course,CourseTakenGradeSTAT,CourseTitleInstructorPositionWhenSTAT,GulesserianTA2022-springSTAT,Java,KuceraTA2023-winter,Linux,STAT/CS,TA,VHDL,Windows"
5a70f3ac-0185-4e8c-8c58-83e7cd8346c9,"BaldwinTA2023-summer,Centered,Computer,Course,CourseTakenGradeINF,CourseTitleInstructorPositionWhenINF,HCI,HCIDMark,Java,LeshedTA2020-fallINF,LeshedTA2021-springINF,MurrayTA2022-fallINF,SQL,TA'ed"
47e3603e-fa77-4ae2-81c2-ac1f83a19bff,"43YAICS,46YA-ICS,C++,Course,CourseTakenGradeINF,CourseTitleInstructorPositionWhenSWE,JonesTA2022-fall,JonesTA2023-springINF,JonesTA2023-winterINF,SQL,TA,engineerinJim,engineering"
47e27769-aaaf-4349-bf93-1ac0917926d1,"171NCS,178NCS,271YACS,C++,Course,CourseTakenGradeCS,Python,TA,Windows"
fd785cea-fbe1-4fed-872b-c5e9ffa21fac,"BranhamTA2022-fallICS,BranhamTA2023-spring,C,C++,College,Computer,Course,CourseTakenGradeINF,CourseTitleInstructorPositionWhenINF,Current,HCI,HCIDr,ICS,Java,MartinsTA2023-winterINF,Python,SQL,TA,VHDL"
91599e39-5d3b-42e3-968c-1519da427bf5,"43NICS,Course,CourseTakenGradeICS,CourseTitleInstructorPositionWhenECON,ICS,MacOS,UCI,Windows"
328d083b-46d0-4738-a132-2db7692dd6ce,"Course,CourseTitleInstructorPositionWhenSTAT,Linux,MATLAB,Python,Windows"
e4361764-324c-410a-9a7d-aa4081906ebe,"134Computer,45CNCS,45CProgramming,AppliKLEFSTADTA2022-spring,C++,C/C++,ChenReader2021-fallICS,Course,CourseTakenGradeICS,CourseTitleInstructorPositionWhenCS,Good,Java,LangKLEFSTADTA2022-winterCS,Linux,Windows"
64785ab8-4054-4851-a535-9d268938577c,"116Computational,131NCS,141YACS,143AYAICS,ARCore,C,C++,C/C++,C/C++/C,CS,Computer,Course,CourseTakenGradeINF,CourseTitleInstructorPositionWhenCS,ICS,Java,KlefstadTA2023-winterCS,MajumderTA2021-fallICS,OpenCV,Python,SQL,TA2022-winterCS,ThorntonTA2023-spring,Unix,VHDL,VisionCharless,Windows,internship"
380b47cd-4f04-4447-8c7e-f8c6400d1e75,"ChenTA2022-fall,Course,CourseTakenGradeINF,CourseTitleInstructorPositionWhenINF,NICS,Python,UCI,YICS"
da77afbd-45f1-4a87-ae19-e3961ea34edc,"Course,TAd,UC,internship"
06b766ff-23fa-461e-b18b-67d07357acf3,"122ANCS,132NCS,171NCS,Course,CourseTakenGradeCS,Cum,HTML,OpenCV,Python,SQL,TA,TensorFlow,UCI,Windows,engineer,internship,leadership,teamwork"
ba1975f5-0688-4f34-b0ce-b74dcab9bb13,"24N0.0CS,45CN0.0ICS,ACM,C,Course,CourseTakenGradeICS,Linux,PHP,RAIT-ACM,SQL,eKYC,engineering"
330c54e5-d258-4f96-b96e-b648eb0c0b41,"139WYAICS,141YACS,143AYAICS,C,C++,C/C++,Cassandra,Cloud,Course,CourseTakenGradeINF,CourseTitleInstructorPositionWhenINF,Docker,Golang,Java,Kubernetes,Linux,MATLAB,MartinsTA2023-spring,NoSQL,PostgreSQL,Python,SQL,VHDL,Verilog,Windows,engineer"
3bd88098-f527-487a-911b-ad2cee5e04d7,"//doi.org/10.1109/ICDSAAI55433.2022.10028895,171YOICS,32AYA+ICS,45JYA+CS,AICT,C,C++,Cardiovascular,Citigroup,Communication,Communications,Computer,Computing,Conference,Control,Course,CourseTakenGradeICS,English,Flask,Github,ICCCSP,ICDSAAI,JCL,Java,JavaScript,Linux,MATLAB,MTA,MySQL,PHP,PostgreSQL,PyTorch,Python,SELCOPY,SQL,SQLite,TA,Ubuntu,Windows,internship"
c6944d6e-a91e-48ea-a6e2-e6b042a178db,"253PYB+CS,260PYA+CS,266/164YAICS,45CYB,AlfaroTA2022-fallCS,C++,CS161,CS260P,Computer,Course,CourseTakenGradeCS,CourseTitleInstructorPositionWhenCS,DillencourtReader2020-fallCS,DillencourtReader2020-winterICS,ICS31,ICS45C,Java,Linux,Python,SQL,TA,Windows"
1ac760bd-011e-4c2b-b3b6-19061286d0b4,"C,C++,Cisco,Code,Computer,Computing,Course,CourseTakenGradeINF,CourseTitleInstructorPositionWhenINF,Google,Java,Linux,MongoDB,ReactJS,SQL,VHDL,Verilog,Windows,conference,engineer,international"
ae912dd8-7c8b-4605-9aa4-2d2e6aac30d3,"110YASTAT,111STATS,120AYASTAT,45C,67NSTAT,7BASIC,C++,Course,CourseTakenGradeSTAT,CourseTitleInstructorPositionWhenSTAT,DATA,GulesserianTA2022-fallSTAT,GulesserianTA2023-winterSTAT,ICS,KuceraTA2023-spring,Linux,MySQL,PyCharm,Python,SQL,STAT/CSKoko,STATISTICSLee,Windows"
8ad6ab32-1917-4bd7-880b-41a60445a1a8,"6NSTAT,7NSTAT,8NSTAT,COLLEGE,Course,CourseTakenGradeSTAT,STAT"
660fbb8b-1f67-4f5c-a967-158b3501d846,"131COMPUTER,139WCRITICAL,BranhamTA2020-winterICS,ChristensenTA2019-summerICS,College,Community,Course,CourseTakenGradeICS,CourseTitleInstructorPositionWhenICS,ICS,INTERACTIONStacy,NN/AICS,SOCIETYConstance,SteinkeuhlerTA2019-fallINF,SteinkeuhlerTA2020-spring,TA,UCI,USC"
9c145c59-88fa-4961-b814-9203039e9044,"122YCS,141YCS,143AYCS,C,C++,Compilers,Course,CourseTakenGradeCS,Java,Linux,Python,SQL,Windows,developer,engineer"
dd4e5d61-55ab-4a24-b38d-ff681b8f291d,"122AYA+CS,31YAICS,51YACS,C++,CS,Computer,Course,CourseTakenGradeICS,CourseTitleInstructorPositionWhenICS,Cyber,Java,Linux,Python,SQL,TA,TA2020-fall,TAs,Windows,internship,tutorial"
7aeb89ec-20d5-4321-b498-18e55167997b,"C,Course,CourseTakenGradeSWE,Java,MacOS,MySQL,PostgreSQL,Python,SQL,Windows"
bf85d151-b620-4282-b7d0-a9e371872d99,"288Capstone,Capstone,Computer,Course,CourseTakenGradeINF,CourseTitleInstructorPositionWhenINF,DenenbergTA2023-summer,HCI,MHCID,MHCIDDarren,Python,SQL,TA,UCI,ZhengTA2021-fallINF,engineering,internship"
6827932b-b9b8-4e79-9f51-f50f57a9ae8a,"191LEC,C,C++,Course,CourseTakenGradeINF,CourseTitleInstructorPositionWhenINF,Java,Linux,Python,Windows,ZivTA2023-spring"
f8d025ee-92ce-4966-a473-178ad820180e,"122ANCS,141NICS,6DNICS,AWS,C,C++,CI/CD,Cloud,Computer,Computing,Containerization,Course,CourseTakenGradeCS,Docker,EC2,Git,Java,Jenkins,Kubernetes,Linux,MacOS,NoSQL,Python,SQL,TA,Windows"
d89420c4-43cc-451f-b18f-f01f787ebec5,"1.NoSQL,2.Python,45JYACS,46YAICS,Android,Angular,C,C++,Club,Course,CourseTakenGradeICS,Google,Java,MongoDB,Oracle,PostgreSQL,SQL,Windows,developer"
f8eaba2a-00a2-40a5-8f58-6cad9d36cd20,"143AYICS,148Computer,31YICS,45JYICS,C,C++,Course,CourseTakenGradeCS,CourseTitleInstructorPositionWhenEECS,Java,LiReader2022-fallEECS,Linux,MacOS,MySQL,PostgreSQL,Python,SQL,Windows,engineer"
6b98e3ac-7882-4716-b092-68eb82b3532f,"C++,CS,CS260,Course,CourseTakenGradeICS,CourseTitleInstructorPositionWhenCS,Go,GoodrichTA2022-springCS,HirschbergReader2021-winterICS,HirschbergTA2022-winterCS,ICS,Java,Linux,Python,SQL,ShindlerTA2022-winter,TA,UCI"
796263c3-e575-4ac3-89d7-522830a911c2,"BicTA2021-fall,BicTA2023-springICS,BicTA2023-summerCS,C/C++,Computer,Course,CourseTakenGradeCS,CourseTitleInstructorPositionWhenCS,HarrisTA2023-winterCS,ICS,Java,TA,Unix,VHDL,Windows"
14574cdb-7876-4ee0-a78b-bd6fb7d9e653,"122AY4.0CS,141Y4.0CS,143AY4.0CS,Angular,CSS,Course,CourseTakenGradeCS,CourseTitleInstructorPositionWhenEECS,HTML,Java,JavaScript,Linux,NoSQL,Node.js,Python,React,SQL,Windows"
f747a320-142f-487a-a0f3-3ee099e37328,"238PNICS,256NCS,273ANCS,C,C++,CSS,Course,CourseTakenGradeCS,HTML,Java,JavaScript,Linux,PHP,Python,SQL,Windows"
43d06673-02de-47fa-821a-1705b5419c55,"31NICS,46NICS,6DNICS,C++,CUDA,Course,CourseTakenGradeICS,CourseTitleInstructorPositionWhenICS,Cryptography,Got,ICS,MjolsnessTA2019-fall,ReganTA2021-fallCS,SmythTA2021-winterCS,TA,Ubuntu/CentOS,Unix,VHDL,ZhangTA2023-winterCS"
65abde3d-0be7-4869-81ab-d8e4180764cc,"122AYACS,161NICS,179YACS,C,C++,Cloud,Course,CourseTakenGradeCS,Go,HPC,Java,Linux,Oracle,Python,SQL,Windows,internship,tutoring"
859ebd53-1247-4f04-918e-fe16f5839e52,"175PROJECT,175YACS,178YACS,271PYACS,BosmanTA2021-fallCS,Course,CourseTakenGradeCS,CourseTitleInstructorPositionWhenINF,Java,KaskTA2023-winter,Krone-MartinsReader2021-springCS,MandtTA2022-winterCS,Python,SQL,TA"
76bf8951-471a-44f2-bf37-8871c21d5140,"CSS,Course,CourseTakenGradeICS,CourseTitleInstructorPositionWhenICS,ICS45J,Java,JavaScript,Linux,MongoDB,MySQL,NoSQL,PostgreSQL,Python,SQL"
24df7248-b501-4b9d-a734-50a21fcdc812,"122AYACS,141YACS,143AYACS,AWS,Android,C,C++,C++/Python,Cassandra,Chrome,Collaborated,Computer,Conducted,Course,CourseTakenGradeCS,CourseTitleInstructorPositionWhenCS,Created,Django,Docker,DynamoDB,Google,Java,Javascript,KothapalliTA2018-fallCS,Kubernetes,KumarTA2019-fallEECS,Linux,MacOS,MongoDB,Node.js,Perl,Python,React,React/Flutter/Angular,SQL,Windows,communication"
98ed9454-028e-4062-a9f8-01cc9a6e583e,"142ACompilers,45JNICS,46NICS,6DNCS,C,C++,Coq,Course,CourseTakenGradeICS,CourseTitleInstructorPositionWhenICS,DemskyTA2023-winter,EbrahimiTA2022-fallCS,Java,Javascript,Linux,MacOS,Python,Rust,SQL,Windows"
0a562cc0-21e7-43f3-8ae1-281125c713fd,"121NICS,6BNICS,6DNICS,C++,CS220P,CS224P,CareyReader2020-springCS,Course,CourseTakenGradeCS,CourseTitleInstructorPositionWhenCS,IbrahimTA2022-winter,JainReader2020-winterCS,Java"
925f024a-442d-4b40-a9e9-c625d4e351a8,"161YCS,171YCS,ALGORDILLENCOURT,Course,CourseTakenGradeCS,CourseTitleInstructorPositionWhenCS,KaskTA2022-winterCS,M.TA2022-fall,MandtTA2021-winterCS,XieTA2021-fallCS"
a4a9b266-8bbc-4e84-84b4-f4d94b3fdb5b,"BranhamTA2023-spring,C.,Computer,ComputingKylie,Course,CourseTakenGradeSWE,CourseTitleInstructorPositionWhenSWE,HCIStacy,Internet/W3C,Java,JavaScript,KRONE-MARTINSTA2022-fallINF,KRONE-MARTINSTA2022-fallSWE,PROGRAMMING,PepplerTA2023-winterINF,Python"
e79033e5-673b-485f-bc36-ed06cf7b5792,"125Computer,31YAICS,46YAICS,6NYAICS,Computer,Course,CourseTakenGradeICS,CourseTitleInstructorPositionWhenICS,DillencourtTA2022-spring,IbrahimTA2022-fallCS,JareckiReader2021-springCS,VHDL,VaziraniReader2022-winterCS,Windows"
0b6dd8bf-7276-4be6-80d8-acbd1df6d6d8,"139WCritical,172NICS,Course,CourseTakenGradeICS,CourseTitleInstructorPositionWhenINF,DenenbergTA2023-springINF,GarettTA2023-winterICS,HarrisTA2020-summer,Python,YoungTA2022-winterICS"
5e07a6d2-5cad-4493-9e24-1205fe9fde6f,"Android,Course,CourseTakenGradeINF,CourseTitleInstructorPositionWhenINF,Currently,Java,Linux,MalekTA2022-fallSWE,MalekTA2023-winter,MySQL,Python,Windows,engineering,researcher"
5c7f0950-32e5-442e-a556-d3e48d2f521c,"171NCS,43NCS,Android,C/C++,Calculus,Computer,Contest,Course,CourseTakenGradeICS,CourseTitleInstructorPositionWhenICS,Java,Linux,MongoDB,NoSQL,PostgreSQL,Python,VHDL,Verilog"
c1bf49e6-f715-45bc-8e40-e6b6b49fbfa0,"171NCS,178NCS,ARTIFCL,C,C++,CS,CSS,Course,CourseTakenGradeCS,CourseTitleInstructorPositionWhenCS,D.Reader2021-winterCS,HTML,Java,Javascript,K.Reader2020-fallCS,K.TA2021-spring,Linux,Python,Unix,VHDL,Windows,internals"
4b2195d9-7150-4873-88e9-629364a28e5f,"6YASTAT,7YA-STAT,8YASTAT,Computer,Course,CourseTakenGradeSTAT"
34ff2978-148c-4b92-819d-16479149a846,"-Canvas/Instructure,-Competitor,161NICS,281NICS,3NICS,BranhamReader2019-winterICS,C++,Certificate,Coding,Computer,Course,CourseTakenGradeICS,CourseTitleInstructorPositionWhenICS,DenenbergTA2020-spring,DespieTA2020-winterINF,DourishTA2023-springINF,Windows"
aad3e7ac-98bd-4b0e-90cd-dac775c4e7cc,"262PPROGRAMMING,45JYICS,C,Course,CourseTakenGradeICS,CourseTitleInstructorPositionWhenICS,Java,JavaEmily,JavaScript,Linux,MongoDB,NavarroTA2021-fallINF,NavarroTA2021-winterSWE,NavarroTA2022-winter,NavarroTA2023-springICS,NoSQL,Python,SQL,Windows"
c18c1074-dde1-4b33-b545-5e2d63ae51db,"139WCRITICAL,6DDISCRET,C,C++,CRYPTOJARECKI,CS167,CSJARECKI,Course,CourseTakenGrade139WN,CourseTitleInstructorPositionWhenICS,Java,Linux,N.TA2022-fallCS,Python,S.Reader2020-fallCS,S.Reader2021-winterICS,S.TA2023-winter,SQL,TA,VHDL,Verilog,Windows"
ed9130a5-57e0-4a8b-b950-c83f9d78edc9,"133YA+CS,C,C++,Course,CourseTakenGradeINF,CourseTitleInstructorPositionWhenICS,GarciaTA2021-winter,Java,Python,TomlinsonTA2020-fallINF"
ffa3bbfb-b147-42ba-9e80-4a28f39e68fd,"Course,CourseTakenGradeINF,CourseTitleInstructorPositionWhenCNIT,HCI,Java,MATLAB,MaganaTA2020-fallCNIT,MaganaTA2020-springCNIT,MaganaTA2021-spring,Python,ReactJS,SQL"
9b5d4309-b543-4138-afe8-67f4e3034956,"171NCS,175NCS,178NCS,C++,Computational,Computer,Course,CourseTakenGradeCS,CourseTitleInstructorPositionWhenCS,IbrahimReader2021-winterICS,IbrahimTA2021-spring,Java,MjolsnessReader2020-fallCS,ReganTA2021-fallCS,Unix"
c355e41c-5c90-4f98-a682-f4e0bf5d258f,"45CYAICS,51YB+ICS,53YACS,BurtsevTA2021-fallICS,C++,COMPUTER,CS,CS143A,Course,CourseTakenGradeICS,CourseTitleInstructorPositionWhenCS,Golang,Google,ICS,Java,Javascript,Linux,Python,Rust,SQL,TAed,Windows,Wong-MaTA2022-fallICS,Wong-MaTA2023-spring,Wong-MaTA2023-winterCS,engineering,internship"
695a8e3e-294f-47d6-a29f-cc66d475fbb2,"171NCS,271PYICS,45CNCS,C,C++,C/C++,CS,CareyTA2023-spring,Computer,Course,CourseTakenGradeCS,CourseTitleInstructorPositionWhenCS,Java,Linux,MongoDB,Python,SQL,TA,VHDL,Windows,interned,internship"
8e8c2e4e-7cf5-459a-97c1-9a0bbefdcd46,"AhmedTA2023-springINF,Android,C,C++,CSS,Compose,Course,CourseTakenGradeINF,CourseTitleInstructorPositionWhenINF,Docker,Git-based,GitHub,GitLab,Google,HTML,Java,Jenkins,Linux,MalekTA2022-fall,MySQL,NoSQL,Python,SDLC,SQL,Scala,Windows,analyst,developer,engineering,internship,manager,thesis"
8259b2c2-f589-45d0-b159-6d38d955f68f,"130Calculus,6NSTAT,7NSTAT,8NSTAT,C++,Calculus,Charles,Course,CourseTakenGradeSTAT,CourseTitleInstructorPositionWhenMATH"
eb521ae5-24aa-49d9-813e-00dab79c545b,"131YA+CS,178YA+CS,ACM-Student,C++,C/C++,Chapter,Chennai,Cognitive,Commonsense,Compiler,Computer,Course,CourseTakenGradeCS,Java,Linux,PyTorch,Python,SQL,Windows,communication,internship,publication,tutored"
53a8a08e-9c17-4443-94e4-3bf6964eed79,"43YA+CS,C,C++,Calgary,Course,CourseTakenGradeINF,Java,Linux,Python,SQL,Swift,Windows"
2bf6df6b-8901-4672-a488-475b6de307aa,"31NICS,32NICS,C,COMPSCI,COVID,CQL,Calculus,Computation,Computational,Computer,Conference,Course,CourseTakenGradeICS,Critical,Cypress,Docker,Google,HTML/CSS,Java,Kubernetes,Linux,Python,SCI,SQL,STATS,TA,TA-ing,Windows,engineering,internship"
d33b4249-bdea-43cf-8711-e397f4405299,"141YCS,171NCS,175NCS,45CPROGRAMMING,C,C++,C/C++,Course,CourseTakenGradeCS,CourseTitleInstructorPositionWhenICS,Good,HarrisReader2021-springCS,Java,KlefstadTA2023-springCS,SECONDAlex,ThorntoneReader2020-fallICS,Unix,VHDL,Windows"
349dc25f-e933-49f9-874b-82616f7aae36,"122AYACS,161YABSTAT,238PYABCS,C,C++,C/C++,Computer,Concepts,Course,CourseTakenGradeCS,Git,HTML/CSS,Java,JavaScript,Linux,Node.js,Python,ReactJS,SQL,TA,UIUC,Windows"
7c7f374c-b662-49ab-8aea-e85610239660,"132YA-CS,134YACS,145YACS,C,C++,C/C++/JAVA,Course,CourseTakenGradeCS,CourseTitleInstructorPositionWhenEECS,Linux,communication"
c171debd-d479-4b55-918f-0fd92c99657d,"Course,CourseTakenGradeGDIM,Cut,Photoshop"
2a6424d5-6229-4218-9221-fd8fd4374ed9,"45CYA+,46YA+ICS,6BYA+ICS,6DYA+ICS,C,C++,Computer,Course,CourseTakenGradeICS,CourseTitleInstructorPositionWhenGDIM,DespieTA2023-spring,Java,MySQL,Python,TA,Windows"
068fa7fd-974f-4b9f-a365-51ca1799d6ee,"Android,Android-based,C/C++,Comfortable,Competition,Complete,Completed,Computing,Conducted,Counselled,Course,CourseTakenGradeINF,CourseTitleInstructorPositionWhenINF,Cristina,Curated,DenenbergTA2022-fall,DenenbergTA2023-winterINF,Google,Java,Linux,MOOC,Oracle,Python,SQL,TA,Telecommunication,TensorFlow,UCI,Ubuntu,Windows,ZivTA2022-springINF,ZivTA2022-winterINF,tutor"
428c360b-c407-407b-ad96-e65f5c1ef8d3,"110YSTAT,112STATS,120AYSTAT,281AYSTAT,ArmstrongReader2019-fallSTAT,Course,CourseTakenGradeSTAT,CourseTitleInstructorPositionWhenSTAT,DATA,GulesserianReader2020-summerSTAT,STATS,ShenReader2020-summerSTAT"
d6836d3f-4104-4fd0-b761-13d0515d9627,"139WCRITICAL,178YACS,271PYACS,273AYACS,AlfaroTA2023-spring,C,C++,Center,Course,CourseTakenGradeCS,CourseTitleInstructorPositionWhenICS,tutoring"
0ba1dd42-de5a-4754-8020-288f1049e5f0,"045C,132Computer,242PYAICS,31YACS,AWS,C,C++,C/C++,COVID,CapolinoReader2022-fallCS,Cassandra,Cloud,Collection,Communication,Computer,Computing,Course,CourseTakenGradeSWE,CourseTitleInstructorPositionWhenICS,Coursera,Created,DNS,Debian,ICS,Java,Kubernetes,Linux,MartinsTA2023-winterEECS,MoushirpourTA2023-springICS,Python,SQL,TA/Reader,VHDL,Verilog,Windows,developer,engineering,intern,internship"
cf45f487-f6e6-4086-9077-d6861923a1a6,"C,C++,Course,CourseTakenGradeINF,Java,SQL,VHDL,Windows"
c62603da-683d-4c17-ad55-d827a72832dd,"132YA+CS,134YAICS,267PCloud,276PYACS,C,C++,CI/CD,Cassandra,Celery,Chef,Communication,Computer,Course,CourseTakenGradeSWE,CourseTitleInstructorPositionWhenSWE,Courses,Django,Git,Google,HarrisTA2023-springBBL434BioinformaticsD,Java,Kubernetes,Linux,MSSQL,MySQL,Python,Reactive,SQL,SQL-like,SundarTA2018-fall,TA,TECHNICAL,engineering,manager"
33383534-7ff1-4b27-95e6-ac576f446c4f,"143AY4CS,161Y4CS,178Y4CS,AWS,Android,C++,CPU,Collaborated,Course,CourseTakenGradeCS,CourseTitleInstructorPositionWhenBANA,DATA,EC2,EECS,HristidisTA2023-springCS,Java,Jenkins,Linux,NoSQL,Oracle,SQL,SheuReader2023-winterEECS,UCI,Windows,analyst,developer,engineering,tutor"
7cf9c9d3-b746-4e1d-8793-a56beab030b8,"31YA+ICS,45JYA+ICS,Android,C,C++,Cassandra,Club,Computer,Consul,Couchbase,Course,CourseTakenGradeGDIM,CourseTitleInstructorPositionWhenICS,Dev-C++,Docker,GRPC,Git,GitHub,Goland,Golang,Google,HTML,Java,JavaScript,Jenkins,Kubernetes,Linux,PHP,Python,RxJava,SQL,SalmonTA2023-spring,SalmonTA2023-winterICS,UCI,Windows,intern"
32f82179-7455-4a5b-8b00-26a18e9cf3b5,"250BYACS,C,C++,Chip,Computer,Course,CourseTakenGradeCS,Debian,Linux,Verilog"
b53b9571-3a34-4ad5-a9a7-e769a8914490,"31NICS,45CY8ICS,46Y9ICS,AWS,C++,CS,CSES,CSS,Chase,Cloud,Co,Co.,Codechef,Codeforces,Commons,Course,CourseTakenGradeICS,Curious,Google,HTML,HttpClient,Java,JavaScript,Linux,MongoDB,MySQL,Node.js,OCW,PL-SQL,Python,React,React.js,SQL,Windows,engineer,engineering,manager,problem-solving"
d7c029f7-a3aa-49b4-be5c-6fbc60cad50e,"178YACS,273AYACS,274EYACS,Android,C,C/C++,CSS,Clickhouse,Convex,Course,CourseTakenGradeCS,CourseTitleInstructorPositionWhenCS,Django/Flask,HTML,Java,KerriganTA2023-springCS,Linux,MATLAB,MacOS,PostgresSQL,Programming/Coding,Python,SmythTA2022-fallCS,SmythTA2023-winterCS,Windows"
24a88098-e2ef-4574-804f-92b022c536a3,"134YBICS,143AYSCS,32YSCS,AWS,Angular,Azure,C++,Center,Corporation,Course,CourseTakenGradeCS,French,Golang,JDBC,Java,Kubernetes,Python,Ubuntu,developer,engineer"
a118cc4a-c231-43cf-8cd9-04b0ee278395,"10.1109/ICAC353642.2021.9697283,10.1109/ICAC353642.2021.9697327,10.1109/ICAECC54045.2022.9716648,31NICS,32NICS,45CNICS,AWS,Azure,BBC,C,C++,CNN,CRC,CRainer,CSS,Cloud,Communication,Communications,Computer,Computers,Computing,Conference,Constructed,Control,Convolutional,Course,CourseTakenGradeICS,CourseTitleInstructorPositionWhenEECS,Courses,Cryptography,DCNN,DJSCE,Django,DoemerReader2023-winterEECS,Flask,HTML,ICAC3,ICAECC,Java,JavaScript,Linux,MATLAB,MongoDB,MySQL,NoSQL,OpenCV,Oracle,PHP,Python,React.js,SQL,Swift,SwiftUI,TensorFlow,VHDL,Windows,internship"
2b6a0681-f3e9-4103-be07-922b7048514e,"166NICS,3NICS,C,C++,Computer,Course,CourseTakenGradeICS,CourseTitleInstructorPositionWhenGDIM,HCI,Java,Linux/ubuntu,RankinTA2018-fall,SquireTA2023-winterATLS,TAed,TanenbaumTA2023-springGDIM"
58ae2b90-0969-452c-acaa-ac6aca431423,"122AYA+MCS,122BYA+MCS,45JYA+MCS,Course,CourseTakenGradeICS,Java,SQL"
18b53838-1c6b-4602-a660-fcc64a093863,"175YACS,184AYACS,284ANCS,Course,CourseTakenGradeCS"
a23dbd83-b255-4883-a0c3-4eda873cad66,"139WCRITICAL,BietzTA2023-winterINF,C,C++,Course,CourseTakenGradeICS,CourseTitleInstructorPositionWhenICS,DenenbergTA2022-fallINF,Google,Ignite-CS,Java,Linux,Python,SQL,STATA,TA,TECHDarren,VHDL,Windows,ZhengTA2023-spring"
95df5808-c681-45d1-b5c3-62681bad8306,"178NICS,271YACS,273AYA-CS,297PCapstone,C,CS,Course,CourseTakenGradeCS,CourseTitleInstructorPositionWhenICS,HarrisTA2022-fallICS,HarrisTA2023-spring,HarrisTA2023-winterICS,Linux,Python,SQL,Windows"
126fdc66-3540-432e-9b6e-fc2714424fc5,"45CProgramming,C++,C/C++,Course,CourseTitleInstructorPositionWhenCS,Cuda,DillencourtTA2021-fallICS,FrishbergTA2022-summer,Java,KlefstadTA2021-winterCS,Linux,Python,SchindlerTA2022-springICS,TAs,Windows"
bc9da550-3ac8-4448-a957-4f3e6a469f32,"43NICS,BrabrandTA2021-fallBSDISYS1KUDistributed,C,Capture,CarboneTA2022-fall-Study,Computer,Course,CourseTakenGradeINF,CourseTitleInstructorPositionWhenBSGRPRO1KUIntroductory,Docker,Git,Go,HansenTA2023-spring,Java,JavaScript,Kubernetes,Linux,PostgreSQL,ProgrammingClaus,Python,SQL,TA,Windows,engineering,internship,manager"
d748faaa-7c23-4ea8-86a2-7db383118f90,"C,C++,Comp,Computer,Course,CourseTakenGradeSWE,CourseTitleInstructorPositionWhenINF,Java,Krone-MartinsTA2020-fallINF,Krone-MartinsTA2021-winterSWE,TA2021-fall,Unix,Windows,engineering"
f52e7caa-6eaf-4350-9870-cd89acc9ce97,"122AYACS,32AYAICS,45CYACS,C,C++,CS,Computer,Course,CourseTakenGradeICS,Linux,MacOS,Oracle,Python,SQL,Windows"
15aa0e78-4696-4c30-8cca-d278450c775e,"132Y9CS,178/CS,178Y8CS,271Y6CS,C,C++,CISCO,CSS,Calculus,CentOS,Chain,Computer,Course,CourseTakenGradeCS,CourseTitleInstructorPositionWhenCS,Django,Docker,Golang,HCI,HTML,Java,Javascript,Kubernetes,MacOS,MongoDB,NavarroTA2023-spring,OCR,Python,ReactJs,SQL,Ubuntu,VHDL,VSCode,Windows,engineering"
e191a861-41b2-4a3a-918a-13ba6b539dfd,"32ANICS,51YAICS,6BYAICS,C/C++,C/C++and,Compute,Computer,ComputersNader,Course,CourseTakenGradeICS,CourseTitleInstructorPositionWhenEECS,Linux,MATLAB,Python,SQLite,Windows"
d45deabf-9def-4689-a490-07b4413a6a62,"-Computer,31YAICS,46YACS,53YA+ICS,Course,CourseTakenGradeICS,CourseTitleInstructorPositionWhenICS,HarrisTA2021-summerICS,HarrisTA2021-winterICS,HarrisTA2023-spring,Java,Linux/Windows,Python,Python/C/C++,Wong-MaTA2022-winterCS"
d10bde85-41b1-4950-82f4-c14574d5e413,"142ANCS,162YACS,178YACS,AWS,C++,Course,CourseTakenGradeCS,CourseTitleInstructorPositionWhenCS,Django,EC2,Java,LealTA2022-springCS,MacOS,MongoDB,PostgreSQL,Python,Python-based,SQL,SuttonTA2022-fall,Ubuntu,Windows"
e5f72fd8-11ea-4621-bcc8-32530fbeb703,"139WCritical,163NICS,49NICS,60NICS,Classes,Course,CourseTakenGradeGDIM,CourseTitleInstructorPositionWhenICS,DebonisTA2021-winterICS,McDonaldTA2020-fallICS,TA2022-summerICS,YoungTA2020-summer"
add12dd5-0311-4215-abcd-486c7a25fab9,"112NCS,116Computer,BaldiTA2022-spring,Computer,Course,CourseTakenGradeCS,CourseTitleInstructorPositionWhenCS,FowlkesTA2022-winterCS,Linux,Python,VisionCharless,Windows,XieReader2022-fallCS"
e1448718-5ff8-416b-a0d2-3cb0e7dceceb,"121YACS,43YA+CS,Android,CNN,CS,Course,CourseTakenGradeICS,ICS,Java,PHP,Python,SQL,TAs,UCI,Windows"
dbe13ea3-0f13-4eab-bb8f-7e4520f5daf9,"31NICS,32NICS,6NICS,COVID-19,Course,CourseTakenGradeSTAT,CourseTitleInstructorPositionWhenDSC,DSC,EldridgeTA2021-fall,Java,Javascript/HTML,Linux,MaTA2022-springDSC,Python,RampureTA2023-fallDSC,SQL,TiefenbruckTA2023-winterDSC,UC,UCSD,Windows,hypothesis,tutoring"
144d4943-f5bc-40ea-a68b-c8466a39d0b9,"31NICS,32NICS,45JNICS,C,C/C++,Communication,Computer,Course,CourseTakenGradeICS,CourseTitleInstructorPositionWhenICS,English,Go,Java,Linux/MacOS,NavarroReader2022-fallICS,PostgreSQL,Python,SQL,Windows,engineering,internship,thesis"
a4bd7f60-4656-4042-bf2d-1d98e85451c2,"122AYA+CS,223YA-CS,232YB+CS,C++,CS,Computer,Course,CourseTakenGradeCS,CourseTitleInstructorPositionWhenCS,Java,JavaScript,LANGCristina,Linux,MongoDB,NoSQL,Python,React,SQL,UC,VENKATASUBRAMANIAN,Vue,Windows,communication,developer,internship"
1254041a-ba0b-4d65-b289-87ab38ed019e,"C++,Course,CourseTakenGradeCS,CourseTitleInstructorPositionWhenCS,Java,JonesTA2022-spring,Linux,Python,RetrievalCristina,StyleCristina"
5ff49280-190e-49e7-b394-c4a03cfb2fdb,"112Computer,33YAICS,45CNACS,6DYAICS,C,C++,CSStanislaw,Course,CourseTakenGradeICS,CourseTitleInstructorPositionWhenICS,JareckiReader2020-springCS,Java,MajumderTA2021-springCS,Python,Unix,ZhaoTA2020-fallCS"
b0f866c9-ec2e-4b89-a010-533a8843c13a,"Course,CourseTitleInstructorPositionWhenSTAT,JavaScript,Python"
82bdd17b-0401-4c3f-846c-d051cc84f644,"110YASTA,67YSTA,C++,CStatistical,Course,CourseTakenGradeSTA,CourseTitleInstructorPositionWhenSTA,DATA,KokoTA2021-fallSTA,KokoTA2021-springSTA,KokoTA2021-winterSTA,STA,STATS,TA,TianchenTA2022-winter"
cba3a5ac-8fce-41b9-8c44-8f2ab3dec4a7,"153CSCWDaniel,BCAPSTONE,C++,Course,CourseTakenGrade169AN0.0,CourseTitleInstructorPositionWhen169A,GardnerTA2020-springINF,SquireTA2019-fallINF,SuttonTA2020-winterINF,Windows,designer"
ac6ccc0b-287e-4f7a-ab1e-0a78fa5fefd7,"121YACS,43NCS,AWS,C,C/C++,Cloud,Corporation,Course,CourseTakenGradeCS,HTML5,Java,JavaScript,Linux,MongoDB,Python,React.js,SQL,Windows,intern"
db0e3d62-05aa-4b72-82bd-21f7a262eee6,"117NCS,171NCS,178NCS,C++,Computer,Course,CourseTakenGradeCS,Linux,Python"
83ce72a6-d83c-4041-9fda-b25f57a2eeb7,"Course,CourseTakenGradeINF,CourseTitleInstructorPositionWhenINF,GardnerTA2023-winterSWE,HoekTA2022-fallICS,HoekTA2023-spring"
396eee08-9e91-4a94-85ce-ac7aff0a01cd,"184AYCS,256YCS,273AYCS,Android,C,C++,Course,CourseTakenGradeCS,CourseTitleInstructorPositionWhenCS,Java,JavaScript,Python,Unix,VHDL,Windows"
f903efec-6d7d-4df1-8964-a7c6dd249291,"C++,Computer,Course,Golang,Linux,Python,SQL,Windows"
a22dfafd-95cc-4176-bf93-07f9c39de837,"121YA+CS,122AYACS,171YACS,45C,A.TA2022-fallICS,A.TA2023-winter,C,C++,Course,CourseTakenGradeCS,CourseTitleInstructorPositionWhenINF,E.Reader2022-springICS,ICS31,Java,SQL,VHDL,Windows,tutored,tutoring"
f17ac268-b77a-4306-bb42-07e4e78ae0be,"122AYACS,132Computer,132YACS,C++,CS,CS122A/EECS116,CS132/EECS148,Compiler,Complexity,Computer,Computing,Course,CourseTakenGradeCS,CourseTitleInstructorPositionWhenCS,EECS40,Java,LiTA2022-fallCS,LiTA2023-spring,Linux,Python,SQL,SheuTA2022-winterCS,SheuTA2023-winterEECS,TA,VHDL,Windows"
af6b2481-391a-49c8-9ef5-a077ae72e354,"C,C++,CSS,Course,CourseTakenGradeSWE,HTML,Java,JavaScript,Linux,SQL,TypeScript,Windows,internship/project"
a581e468-9881-4dd4-b747-0d85a64c35fb,"171NCS,178YA+CS,271PNCS,C++,C/C++,CS271/171,CVPR,China,Computer,Course,CourseTakenGradeCS,CourseTitleInstructorPositionWhenCS,ECCV,Git,ICLR,Java,KaskTA2021-fallCS,KaskTA2022-spring,KaskTA2022-winterCS,Linux,MFC,MacOS,OpenCV,Python,SudderthTA2020-springCS,VHDL,Windows,conference,engineer,intern"
50c5c17f-93ee-4880-ac59-b94862a618d8,"141YA+CS,161YA+CS,163YA+CS,Android,C,C++,CSS,Computer,Course,CourseTakenGradeCS,Git,HTML,Java,JavaScript,Linux,PHP,Python,Ruby,SQL,Windows,communication,problem-solving,tutoring"
63d375e5-c618-433a-9966-c733d7007a7c,"112COMPUTER,112YCS,117YCS,141CONCEPT,141YCS,Android,C,C++,Computer,Course,CourseTakenGradeCS,CourseTitleInstructorPositionWhenICS,GRAPHICSShuang,HayesTA2020-summerCS,Java,KlefstadTA2019-winterICS,LANG,Windows,ZhaoTA2019-fall,ZhaoTA2020-winterCS,developer"
9130d60e-bce7-486a-9a8a-ad10e89da706,"153Computer,Computer,Cooperative,Course,CourseTakenGradeINF,CourseTitleInstructorPositionWhenINF,I.TA2018-fall,Java,M.TA2018-winterINF,MATLAB,MHCID,Windows,WorkCHEN,Y.TA2018-springINF"
c7eecee6-dc57-47bb-acd7-3c94651b5a30,"CA,CITIZEN,CITIZENSHIP,Computer,Course,CourseTakenGradeICS,MEXICAN,Python,SQL,Windows"
826639b8-b5ad-469b-a2d8-dd43570ca028,"132HCI,BietzTA2023-spring,C,C++,CSS,Course,CourseTakenGradeINF,CourseTitleInstructorPositionWhenINF,Courses,ETHICS,HCI,HTML,HubbardTA2023-winterSWE,Javascript,LEC,Linux,Python,ReactJS,SalenTA2022-fallINF,TAed,TECH,UCI,Windows"
25b1e302-e66e-4c7b-af4e-09c33d1288f8,"110NN/ASTAT,67NN/ASTAT,6NN/ASTAT,Course,CourseTakenGradeSTAT,CourseTitleInstructorPositionWhenSTAT,GulesserianTA2020-springSTAT,GulesserianTA2020-summer,GulesserianTA2020-winterSTAT,GulesserianTA2021-fallSTAT,Statistics/CSS"
3177034c-e20a-479a-80aa-d567f11fde25,"120ANSTAT,200AYASTAT,210YA+STAT,BaldiTA2023-spring,Course,CourseTakenGradeSTAT,CourseTitleInstructorPositionWhenSTAT,GRADUATE,GulesserianTA2023-winterSTAT,Python,SQL,STATS,ShenReader2022-fallSTAT,TA"
b7eb5893-737a-416e-8604-2184126b0b41,"220PYICS,253PYCS,271PYCS,C,C++,CGPA,COVID-19,Chase,Co,Conducted,Course,CourseTakenGradeCS,Creation,Java,Linux,React.js,SQL,Windows,engineering"
c409ff41-1806-41ec-8c02-542949a363d1,"110NSTAT,110STAT,200APNSTAT,67NSTAT,ANALYSISGULESSERIANTA2023-summer,ArmstrongTA2023-winterSTAT,Canvas/Gradescope,Computer,Course,CourseTakenGradeSTAT,CourseTitleInstructorPositionWhenSTAT,DATA,Excel/Google,HTML,Linux,Python,Rust,SQL,STAT,STATS,ShenReader2022-fallSTAT,TA,Windows,YUTA2023-springSTAT"
8d66facd-2875-46cf-937d-55aa4c746120,"178NACS,271PYACS,273AYACS,C++,Chemistry,Course,CourseTakenGradeCS,CourseTitleInstructorPositionWhenCS,Java,Linux,SQL,SysHayesTA2023-spring,Windows"
700458ef-b71f-463d-8111-f6b33737d182,"31Y4.0ICS,32YN/AICS,33NN/AICS,C,C++,Computer,Course,CourseTakenGradeICS,CourseTitleInstructorPositionWhenICS,Java,Linux,MacOS,PattisTA2022-springICS,PattisTA2022-winterICS,Python,PythonAlberto,PythonAlex,PythonRichard,SQL,ThorntonTA2023-springICS,Windows"
ccba66d1-97b7-4b9d-9b9b-535339bf1fa4,"139WCritical,BietzTA2022-fallINF,C/C++,Chegg,Compilers,Computer,Course,CourseTakenGradeICS,CourseTitleInstructorPositionWhenICS,DoTA2023-spring,GarciaTA2023-winterICS,Java,Linux,MATLAB,MacOS,MySQL,Python,SQL,SystemVerilog,VHDL/Verilog,VHDL/Verilog/SystemVerilog,Verilog,Verilog/SystemVerilog,Windows,engineer"
2ef6bd61-5d3e-407e-a10d-20477b6b4ad6,"116COMP,121YACS,161YACS,171YACS,ALGORTA2023-springSTAT,ARTIFCL,C,C++,CECS,CSULB,Calculus,Computation,Computational,Computer,Computing,Consulting,Course,CourseTakenGradeCS,CourseTitleInstructorPositionWhenCS,FOWLKESTA2023-winterCS,Java,KaskTA2022-fallCS,Linux,MYSQL,MacOS,Python,SQL,STAT,VISIONCHARLESS,Windows,tutoring"
33d8c7fb-3e18-49c8-80b7-a1a14a571359,"142ACOMPILERS,32APython,33NNAICS,46NNAICS,B.TA2021-winterICS,C,C++,CS,Compilers,Course,CourseTakenGradeICS,CourseTitleInstructorPositionWhenCS,ICS,Java,Linux,PattisTA2022-springICS,Python,TA,TAed,ThorntonTA2022-fall,UCI,Windows"
c68c1924-e22d-497c-bb0f-05433b9c6dd9,"110NSTAT,67NSTAT,8NSTAT,ArmstrongTA2022-fallSTAT,C,C++,CSDr,Course,CourseTakenGradeSTAT,CourseTitleInstructorPositionWhenSTAT,GulesserianReader2022-winterSTAT,Illustrator,Linux,Photoshop,Python,STAT67,ShahbabaTA2022-winterSTAT,TA,Windows"
71125363-aea8-486d-963f-ddbedefb5abf,"200APYBCS,220PYB+STAT,271PYACS,Course,CourseTakenGradeCS,Currently,Java,MAC,MySQL,PostgreSQL,Python,React,SQL"
90a6829b-444a-4de1-9886-e045f2ad1dc4,"122AYA+CS,141YA+CS,Android,C,C++,Cloud,Computer,Course,CourseTakenGradeCS,Java,Java-based,Linux,MySQL,Oracle,PHP,Python,SQL,Windows,intern,internship"
e8818459-b922-4ab7-9f46-c1b76c643c97,"122BY4CS,32ANICS,33NCS,CGPA,CRC,Catastrophic,Computer,Computing,Concepts,Continual,Course,CourseTakenGradeICS,English,ICICITES,Java8,JavaScript,Linux,MVC,Oracle,Python3,SQL,conference,internship"
8aeea697-e60d-4728-b0f0-26d628558cf9,"139WCritical,139WYICS,31YICS,80YICS,AlfaroTA2021-fallICS,AlfaroTA2022-springICS,AlfaroTA2022-winterICS,AlfaroTA2023-spring,C/C++,CS,Certificate,Course,CourseTakenGradeICS,CourseTitleInstructorPositionWhenICS,Critical,ICS,Linux,PyTorch,Python,SQLite,TA,UC,UCI,Windows,communication,conference,international,thesis"
f19ba071-a7f8-49cc-863c-3978966c9aa2,"132YAICS,143AYACS,43YABCS,AWS,C,C++,C/C++,Computer,Concepts,Controller,Course,CourseTakenGradeINF,Docker,DynamoDB,Git,GoLang,Illustrator,Java,JavaScript,Kotlin,Linux,MNC,MongoDB,Photoshop,PostgreSQL,Python,SQL,UIUC,Windows,developer,gRPC,manager"
bf10b575-33bb-4437-bbdf-49def1571d4b,"161YAICS,6BYACS,6DYACS,C,C++,CS,Comp,CoteTA2020-fallCS104,CoteTA2020-summerCS170,CoteTA2021-spring,Course,CourseTakenGradeICS,CourseTitleInstructorPositionWhenCS,Courses,ICS,Java,JavaScript,MATLAB,Python,SQL,ShindlerTA2023-winterCS,TA,UCI,USC,parenthesis"
b4b756c5-f561-4caa-8fb6-e358143e248a,"33NICS,C,C++,Cal,Center,Club,Course,CourseTakenGradeGDIM,CourseTitleInstructorPositionWhenGDIM,EPIC,Java,Python,SalmonTA2022-fallGDIM,SalmonTA2023-spring,SalmonTA2023-winterGDIM,Unix,Windows,mySQL,tutor,tutored"
a5f46d03-597a-4dd8-ae4e-52d910c7745a,"134Computer,C,C++,ChenReader2020-fallCS,Course,CourseTitleInstructorPositionWhenCS,GivargisReader2021-winterCS,GivargisTA2021-spring,Unix,VHDL,Windows"
db8b0d4c-01e6-428b-9ecd-2541804acd14,"161Children,281NICS,41/ICS,Certificate,Children,Code,College,Constance,Course,CourseTakenGradeINF,CourseTitleInstructorPositionWhenINF,Cultural,GDIM41/ICS,MediaBlackTA2019-fallGDIM,SocietySteinkuehlerTA2020-fallINF,SystemsBowkerTA2021-winter,TA,UCI,USC,Windows,console/PC,designer,developer,manager,thesis,tutored"
fb02982c-743d-4349-bdf8-cebfc7839259,"161NCS,163GRAPH,260PNCS,261PDATA,266YA+ICS,C,C++,CS,Course,CourseTakenGradeCS,CourseTitleInstructorPositionWhenCS,DATA,DillencourtTA2023-winterCS,EppsteinTA2022-fallCS,GoodrichTA2022-spring,GoodrichTA2023-springCS,Java,Linux,MacOS,STRUCTURESMichael,TA,Unix,VHDL,Verilog,Windows"
6b9fdb4e-0df6-4607-bec0-2090576f3b74,"110YB+STAT,7YA+STAT,8NSTAT,C++,C.,Computer,Course,CourseTakenGradeSTAT,Java,UCR,VHDL,Windows,tutored"
0b6a9151-2585-4ab8-a7db-e8b94a0c065f,"143ANICS,143BNCS,BicTA2022-summerCS,BurtsevTA2018-fallCS,C,ComputingIsaac,Course,CourseTakenGradeCS,CourseTitleInstructorPositionWhenCS,GNU/Linux,Python,SchersonTA2022-fallICS,ThorntonTA2020-winter"
b2e4c794-20a5-41fc-ac43-59317951aab7,"31YBICS,6BYAICS,6DYPICS,C,C++,CER,CN,CSS,Calculus,Cantonese,CentOS,Chinese,City,College,Coming,Computer,Computing,Course,CourseTakenGradeICS,CourseTitleInstructorPositionWhenMATH,Debian,English,FranciscoTA2018-springAP,FranciscoTA2018-springPHYSICS,HTML,ICity,IICity,Japanese,JavaScript,Linux,Mandarin,Node.js,Oracle,Python,React,SQL,SchoolTA2016-fall,Spanish,UC,Ubuntu,Windows,communication,leadership,problem-solving,scikit-learn,teamwork,tutor"
5cd9fa2d-dcb9-4e12-9def-b278f2271154,"-TA,122AN00CS,122BN00CS,141N00CS,C,C++,Consistently,Course,CourseTakenGradeCS,CourseTitleInstructorPositionWhen,Flask,Java,Linux,Python,SQL,Windows,internship,tutoring"
9907042a-1ffb-4d56-b571-0de3c8c1135e,"51YAICS,6BYAICS,6DYAICS,Blender,C,C++,COMP,Communication,Computer,Course,CourseTakenGradeICS,CourseTitleInstructorPositionWhenEECS,CushingTA2023-spring,EECS,Linux,Python,TA,VHDL,Verilog,Windows,communication,internship,problem-solving"
9c734ca6-ba36-45ac-9729-30f9dc6d2eb7,"238PYCS,Android,C,C++,Computer,Course,CourseTakenGradeCS,Java,Linux,SQL,Windows,conference,developer,publication"
4a52f4a6-4097-464d-ab23-f95d0e3649c0,"6NSTAT,7NSTAT,Course,CourseTakenGradeSTAT,Java,MATLAB"
dc078ee7-ea4d-4798-a3fd-8bb922dab206,"139WCritical,139WNICS,33NISC,6BNICS,AlfaroTA2022-spring,AlfaroTA2023-winterICS,C,C++,Computational,Course,CourseTakenGradeICS,CourseTitleInstructorPositionWhenICS,GasskoTA2019-fallICS,HayesTA2019-summerICS,Linux,MATLAB,Python,SQL,Windows"
c3c96ea4-98e1-4ef2-bc63-ec8abe3c416b,"132Computer,132NCS,134NCS,142ANCS,201PComputer,C,C++,CS,Communication,Compiler,Computer,Construction,Course,CourseTakenGradeCS,CourseTitleInstructorPositionWhenCS,Cryptography,EECS,GoodrichTA2021-fallCS,Java,LevoratoReader2021-winterCS,PanageasTA2023-springCS,SQL,TA,Ubuntu,Unix,VHDL,Windows,conference"
d6c39c2b-b0a4-452d-bae4-3296af613993,"139WCritical,139WYICS,297PCapstone,32NICS,6BNICS,C,C++,CS,Computer,Course,CourseTakenGradeICS,CourseTitleInstructorPositionWhenCS,Critical,DennenbergTA2021-fall,ICS139W,IbrahimTA2020-fallICS,IbrahimTA2020-springICS,MasagueTA2019-fallICS,Python,TA,TA'ed,Windows"
39b4b7c5-417b-49b3-b1df-dfd9d937d9e9,"143AYAICS,33YAICS,45CProgramming,45CYACS,BicTA2022-fallCS,C,C++,C/C++Mustafa,Compilers,Computer,Computing,ComputingAlexander,Concurrent,Correspondence,Course,CourseTakenGradeICS,CourseTitleInstructorPositionWhenCS,IbrahimTA2020-winterCS,Java,Unix,VeidenbaumTA2023-spring,VeidenbaumTA2023-winterICS,Windows,thesis"
ef537e5f-3070-4571-8e99-1a83c84acb54,"C,C++,CS,Computer,Concurrent,Course,CourseTakenGradeSWE,Java,Linux,MariaDB,MongoDB,Python,SQL,UC,VHDL,Windows"
92052331-b19e-4035-bb53-55a1a8c074d3,"139WNICS,31NICS,3NICS,ChenTA2022-winter,Classification,Course,CourseTakenGradeICS,CourseTitleInstructorPositionWhenENGR,Coursera,ECG,McDevittTA2021-winterBME,Python,Windows,andCharlette,engineering"
b6e3b3f8-34d7-492a-8df7-a9490b748249,"161YACS,171YACS,178NCS,C,C++,C.,CNNs,California,Cancer,Club,Computer,Conference,Convolutional,Course,CourseTakenGradeCS,Flask,Google,ICERECT,Java,Linux,NoSQL,Python,SLGCN,SQL,Windows,communication,engineer,engineering,intern,problem-solving,tutored,tutorial"
dafd5b30-6d72-46ea-8758-3c2ac1cf02a2,"178Y4.0ICS,273AY4.0CS,31Y4.0ICS,45CY4.0,C/C++/C,Compiler,Computer,Course,CourseTakenGradeCS,HTML,Java,Linux,MySQL,PHP,Windows"
f787c848-6399-40c0-8140-74ca294dd3b4,"201PComputer,6BNICS,6DNICS,6NNCS,C++,C.,Computer,Course,CourseTakenGradeICS,CourseTitleInstructorPositionWhenICS,CryptographyStanislaw,DillencourtReader2022-springCS,HusainTA2022-fall,JareckiReader2022-winterCS,Java,Linux/macOS,SQL,TAd,VHDL,Windows,ZhangTA2023-winterCS"
85e59780-1ded-46a8-a57f-f1a9d493b9a0,"103YA+CS,122AYACS,132YACS,C++,CSS,California,Communication,Computer,Conference,Course,CourseTakenGradeCS,Currently,HTML,ICECCT'21,Java,JavaScript,Linux,Python,React.js,SQL,Windows,communication,engineering,internship,publication"
394b33d0-0f47-4dc7-b474-54244d3c0eb6,"171ANICS,6BNICS,6DNCS,C,C++,COVID,CSUN,California,Comp,Computer,Course,CourseTakenGradeCS,CourseTitleInstructorPositionWhenCS,IntelligKaskTA2022-fallICS,IntelligKaskTA2023-spring,Java,MATLAB,Python,ScienceZhangTA2023-winterCS"
fdf23708-e4c0-41c6-bc98-f128d7af5e1b,"Android,C,C++,C/C++,CAD,CNN,COVID-19,CQD,CSE,Cell,Centerwise,College,Course,Java,Linux,PHP,Python,SQL,TCP,Windows,developer"
4b2fa5c8-0039-4fac-b99f-dd05d081ee84,"171YA+CS,261YA+CS,273AYACS,C++,Computational,Course,CourseTakenGradeCS,Django,HTML-css,ICS398A,Java,RA,SQL,TA,TAPDP"
be435662-bc03-445b-b006-549c66bd8894,"67YASTAT,7YASTAT,BaldiTA2022-fallSTAT,BaldiTA2023-springSTAT,C++,Course,CourseTakenGradeSTAT,CourseTitleInstructorPositionWhenSTAT,KuceraTA2023-winterSTAT,Linux,MorrowTA2023-summer,SQL,tutoring"
c516c80e-b32c-464a-844a-2d1681de8901,"BaldiTA2017-fallSTAT,Course,CourseTitleInstructorPositionWhenSTAT,Statistics/CSYamingTA2018-springSTAT,StatisticsKuceraTA2018-winterSTAT,StatisticsMorrowTA2018-fall"
1462b0ab-1465-4cda-af7e-dde476a7feef,"33Coding,BietzTA2021-springGDIM,C,CSS,Course,CourseTakenGradeGDIM,CourseTitleInstructorPositionWhenSWE,HCI,HTML,Java,MVC,PHP,PostgreSQL,SalmonTA2021-fallICS,SalmonTA2022-spring,SalmonTA2022-winterGDIM,WooCommerce"
b2556041-6a65-44c0-9141-f591380ee0ce,"161YACS,169YA+CS,171YACS,B.TA2022-fall,C,C++,C++Radhika,CS,Course,CourseTakenGradeCS,CourseTitleInstructorPositionWhenCS,Python,SQL,UC,engineer"
77e3d5a0-36b7-49b9-a115-09ef33d6b9a4,"115NSTAT,C,C++,CGPA,CSS,Chase,Code,Computer,Computing,Course,CourseTakenGradeICS,Git,Github,Good,HTML,Java,JavaScript,LOC,Linux,MongoDB,MySQL,Python,ReactJS,SQL,Windows,conference,engineer,internship,journal,problem-solving,publication"
057acc67-301d-4d36-ad1d-6e12093e4036,"//github.com/vedantiitkgp/Data_Analytics_GC,161YB-STAT,31YB-CS,67YACS,ACM,AWS,C,C++,C.,CS229,CSE,Cassandra,Clevertap,CodeJam,CodeStash,Computer,Computing,Container,Content,Course,CourseTakenGradeICS,CourseTitleInstructorPositionWhenCS,Currently,DasTA2020-fall,Django,Flask,GitHub,Go,Google,Goyal,HTML,HackerCup,ICPC,JDBC,Java,Java-based,Javascript,Linux,MVC,MacOS,MongoDB,NoSQL,OpenCV,OpenCv,PostgreSQL,PyTorch,Python,React,SQL,Ubuntu,Windows,engineer,interned,internship,thesis"
77318ac6-6a7a-42dd-b2c8-8ed6c5108797,"032YAICS,6DYB+CS,C/C++,CS,CSPaniz,CSStanislaw,Canvas,Computing,Course,CourseTakenGradeICS,CourseTitleInstructorPositionWhenCS,EbrahimiTA2021-fallICS,ICS,IbrahimTA2021-winterICS,IbrahimTA2022-spring,JareckiTA2020-springICS,Linux,Python,TA,Windows"
759e1978-54d9-48e1-b013-e867f87e22c3,"6NSTAT,7NSTAT,8NSTAT,C++,Course,CourseTakenGradeSTAT,Python,SQL,TA,UCSB,tutorial"
2f4e5174-3a84-4391-9c44-b46c34117e96,"BrewsterTA2022-springGDIM,Constance,Course,CourseTakenGradeGDIM,CourseTitleInstructorPositionWhenGDIM,SteinkuehlerTA2022-fallICS,TAing,TanenbaunTA2023-winter,TekinbasTA2020-winterICS"
85ecf2f0-46f1-4308-a907-11c31e6dd1a9,"67NSTAT,7NSTAT,8NSTAT,BaldiTA2021-fallSTAT,BaldiTA2022-winterSTAT,Course,CourseTakenGradeSTAT,CourseTitleInstructorPositionWhenSTAT,KuceraTA2022-spring"
7f8d3d0f-bae6-439a-967d-055f358b4731,"//github.com/mahanthathreyee/12th-CBSE-Bank-Model-Project,31YICS,32YICS,46YICS,A.TA2023-springCS,A.TA2023-summer,A.TA2023-winterINF,AWS,C,C++,CMD,CRON,CSS,Codepen,Computer,Course,CourseTakenGradeICS,CourseTitleInstructorPositionWhenINF,Current,Debian,EC2,Fedora,HTML,JDBC,Java,Linux,MacOS,MariaDB,MongoDB,MySQL,Oracle,Python,ReactJS,Rust,SASTRA,SQL,SSH,Ubuntu,VHDL,Windows,developer"
2b020019-8553-419a-8be2-c1fb8386e75b,"122BN0.0CS,220PN0.0ICS,238PN0.0CS,Cloud,Course,CourseTakenGradeCS,Java,Linux,MySQL,engineering"
12f2faae-b01d-43de-af28-1448d4e08d55,"142AYA+CS,161YA+CS,162YA+CS,C/C++,Capstone,Cloud,Compilers,Conducted,Course,CourseTakenGradeCS,Docker,EC2,Git,Github,JavaScript,Linux,MongoDB,MySQL,Python,Windows"
8d0ebfb6-eb04-406d-ae82-fb6b2c5169cd,"C,C++,Computer,Course,CourseTakenGradeINF,Java,JavaScript,Linux,MongoDB,Python,React,ReactJS,SQL,Windows,engineering"
ae16e484-044e-4b3f-a9fa-73dfbf55b783,"238PYCS,253PYCS,271PYCS,CGPA,Computer,Course,CourseTakenGradeCS,Java,Python,SQL,Windows"
421be748-f0f8-4d5a-ab5c-0e5142bc3ab3,"139WN-ICS,31NICS,32NICS,Carey,Comfortable,Course,CourseTakenGradeICS,Currently,English,HTML/CSS,Java,Linux,Linux/shell,Python,SQL,Ubuntu,Windows,engineering"
0a367eaa-46f6-4abe-a4be-1da28d764119,"200YA-STAT,201YASTAT,Course,CourseTakenGradeSTAT,Java"
b0ad675b-404d-48c4-8f82-91071c03cdda,"131NICS,80NICS,C++,C/C++,CSS,Computer,Course,CourseTakenGradeINF,HTML,Java,Javascript,Linux,MongoDB,MySQL,NoSQL,PostgreSQL,Python,SQL,SQLite,Ubuntu,Windows"
f286aeda-3f7e-4ce7-994a-34dfd5f47df4,"Course,CourseTakenGradeSTAT,MATLAB,Python"
715ef73e-62ce-454e-9a32-5ed3d9ecfa3d,"C/C++,CUDA,Course,Java,Linux,Python,SQL,Windows"
e319f805-df8d-477f-8814-3ad3a046ccfe,"31NICS,45JNICS,AWS,Capstone,Course,CourseTakenGradeICS,Currently,Java,Linux,MongoDB,Python,React,SQL,Windows,communication,developer,intern"
48b6159b-72d5-4579-a192-fe7968b83991,"31NICS,6NICS,9NSTAT,AWS,C,C++,C/C++,Cloud,Computer,Computing,Course,CourseTakenGradeICS,Cyber-Physical,EC2,Git,Java,Linux,MacOS,Python,SQL,Ubuntu,Windows,tutored"
cc4c9c73-906d-4f25-8741-013e66a15ace,"141YBBCS,143AYBBICS,31YBBICS,C,C++,CAD,Computer,Control,Course,CourseTakenGradeCS,Cryptography,HTML,Java,JavaScript,Linux,Node.js,Python,VHDL,Windows,developer,engineering"
88aa183e-b575-4daa-bdb4-70fc043ad16a,"67NSTAT,7YASTAT,8NSTAT,C++,C++/Python,College,Course,CourseTakenGradeSTAT,Git,Linux,MacOS,Python,SQL,UCSB,Windows,tutoring"
c9ba97ee-2ef5-4bf0-bf71-4c230303d171,"220PN0.0ICS,32AN0.0CS,Angular,CTF,Capture,Course,CourseTakenGradeICS,Flask,Java,JavaScript,Linux,Python,React.js,SQL,developer,problem-solving"
c2a1dd2b-1e23-409c-bb3c-c004c95554f2,"/C++,Angular,C,C.,C/C,Compilers,Computer,Control,Course,CourseTitleInstructorPositionWhenEECS,Coursera,Java,Linux,MATLAB,MySQL,Python,SQL,SystemVerilog"
98ad843b-c6ca-4b91-84a9-a5f4c328ce54,"178NN/ACS,273AYAICS,53NN/ACS,C++-1,Code,Course,CourseTakenGradeCS,CourseTitleInstructorPositionWhenCS,Crosslingual,EACL,Java-3,MjolsnessTA2022-fall,NACCL,Python,SQL-1,Ubuntu"
83132118-073e-4946-973d-9be9b2b5c47c,"171NCS,175NCS,178NCS,C,C++,CNNs,Course,CourseTakenGradeCS,Java,Linux,PyTorch,Python,SQL,TensorFlow,Windows"
57dc1577-4464-41a5-a47e-8776682083fe,"112N0.0STAT,120CN0.0,67N0.0STAT,68N0.0STAT,ArmstrongReader2021-fallSTAT,ArmstrongTA2022-winterSTAT,Course,CourseTakenGradeSTAT,CourseTitleInstructorPositionWhenSTAT,KuceraTA2022-springSTAT,STAT/CSDavid,TA"
4146b2b5-f534-49dc-b02a-0e6e2f5466e8,"117YACS,171YACS,232NCS,45C,45CProgramming,C++Ray,CSS,CompSci,Computer,Course,CourseTakenGradeCS,CourseTitleInstructorPositionWhenICS,FowlkesTA2023-spring,HTML,KlefstadTA2023-winterICS,React,SQL,UCI,VisionCharless"
df52c766-bcdb-422d-8193-6f1b65f3ca67,"161NCS,266YACS,273AYACS,C,C++,Course,CourseTakenGradeCS,CourseTitleInstructorPositionWhenCS,Java,Linux,PanageasTA2022-fallCS,PanageasTA2022-springCS,PanageasTA2023-spring,SQL,ShindlerTA2023-winterCS,VHDL,Windows"
b25a2d30-80af-4a69-8358-c75bddd25ab7,"115NICS,6BNICS,6DYA+ICS,C++,Course,CourseTakenGradeINF,Currently,Java,Linux,MySQL,Python,UC,Ubuntu,Windows,engineering,international"
7c040170-3a59-47d9-817d-7ecddd48a247,"31YAICS,45CYAICS,46YACS,ACM/ICPC,C/C++,Computing,Course,CourseTakenGradeICS,ECE188,Linux,MacOS,Python,TA,UCLA,Windows,engineering"
52974af0-b412-4e85-a24a-d4032c623874,"AWS,Android,Azure,CSS3,California,Cloud,Co.,Code,Collaboration,Comfortable,Confluence,Control,Course,CourseTakenGradeSWE,Cypress,Git,GitHub,HTML5,JIRA,Java,JavaScript,Kotlin,MongoDB,MySQL,NoSQL,Node.js,Python,React.js,SQL,Swift,TA,communication,engineering,internship,problem-solving,teamwork"
f04a7fdf-99af-4ebb-a649-c2f7fc21072e,"AhmedTA2022-fall,C/C++,Course,CourseTakenGradeINF,CourseTitleInstructorPositionWhenINF,Java,Kubernetes,Linux,MongoDB,Node.js,PostgreSQL,SQL,Vue.js"
c3d82b54-58e7-4451-be3f-55c3a8d17b68,"131Human-Computer,161NICS,AgapieReader2022-winterICS,ChenReader2022-fall,Course,CourseTakenGradeICS,CourseTitleInstructorPositionWhenINF,HCI,Human-Computer,SOCMark,TECH"
a0ac040e-3ded-4607-a3be-0473710a912e,"161YACS,171YAICS,6DYA+ICS,AWS,Certificate,Certified,Computer,Conversational,Course,CourseTakenGradeCS,CourseTitleInstructorPositionWhenLDI,Java,JavaScript,Linux,MERAGE,MongoDB,MySQL,Python,React,UCI,Windows,communication"
79703a9f-983f-49c1-8dea-d63ba4fd7f6d,"143ANCS,178NCS,51NCS,BicReader2021-winterCS,BicTA2021-springCS,BozorgzadehTA2022-spring,C/C++,CS,CS178,Computer,Course,CourseTakenGradeICS,CourseTitleInstructorPositionWhenCS,Cryptography,ICS51,Java,Javascript,MandtTA2022-winterICS,Python,TA,Unix,Windows"
cdc9c34e-74de-4df0-8cbf-bd3edb1d0424,"143ANCS,161NICS,6BNCS,C,C++,Computer,Course,CourseTakenGradeICS,Cryptography,Java,Linux,Python,SQL,Windows"
9b028d3e-f245-4d23-9018-e9e0465a47cf,"A.Reader2023-winterCS,Blender,C,Course,CourseTitleInstructorPositionWhenEECS,Currently,EECS,ICS,Java,KetseoglouReader2022-fallCS,Linux,Python,TA,VHDL,Windows"
3503e699-08cf-4320-a616-73c5b04cdcf1,"C,C++,Computer,Course,CourseTakenGradeICS,CourseTitleInstructorPositionWhenICS,ICS51,Java,UCI,Unix,VHDL,Windows,Wong-MATA2021-spring,Wong-MaTA2020-fallICS,Wong-MaTA2021-winterICS,engineer,engineering,tutor"
c4b2dce3-4708-4a32-82fe-70a0244ce6c5,"67NSTAT,7NSTAT,8NSTAT,C++,CS,College,Course,CourseTakenGradeSTAT,LAPC,Python,UCLA,Windows,tutor"
1365f3bb-9c5f-4448-973d-ba64807acba7,"C,C++,Course,HCI,Java,Python,SQL,VHDL,Windows"
258b3ea2-ce07-4d84-96f6-fc456727a11e,"112YACS,117NAICS,6DYAICS,C,C++,C++Professor,ComputationProfessor,Computer,Course,CourseTakenGradeCS,CourseTitleInstructorPositionWhenICS,ICS33,ICS53,PattisTA2022-springCS,PattisTA2022-winterICS,ShindlerTA2023-spring,ShindlerTA2023-winterICS,TA"
c5a7fa98-43cc-4990-b71c-fec5799b40c4,"Angular,C++,COVID-19,Computer,Course,CourseTakenGradeINF,Docker,GoLang,Golang,HCI,Kubernetes,MongoDB,MySQL,Python,React,TA,internal,internship"
e922fb01-6928-40c0-8edf-550c8a3c2523,"139WCritical,139WYICS,80YICS,90YICS,AlfaroTA2021-fallICS,AlfaroTA2022-winterICS,AlfaroTA2023-winterICS,C,CS,Course,CourseTakenGradeICS,CourseTitleInstructorPositionWhenICS,EECS,TAed,UCI,VHDL,YoungTA2022-fall"
4a77b86d-b659-4407-b8ea-290e4c9ecf58,"232YACS,256NCS,273AYAICS,AlfaroTA2020-spring,AlfaroTA2020-winterICS,Computer,Course,CourseTakenGradeCS,CourseTitleInstructorPositionWhenICS,GasskoReader2019-fallICS"
2fc498aa-ee26-4ce0-9694-957b795688e9,"134Computer,134NCS,161YCS,BurtsevReader2019-fallCS,C,C++,ChenTA2022-fallCS,Course,CourseTakenGradeCS,CourseTitleInstructorPositionWhenCS,DillencourtTA2023-spring,Linux,VHDL,Windows"
516bd694-0c77-4b2e-95eb-e7c73d6a2de6,"201PComputer,238PYACS,271PYACS,273AYB+CS,CS,Course,CourseTakenGradeCS,CourseTitleInstructorPositionWhenCS,HarrisTA2023-spring,HarrisTA2023-winterCS,HusainTA2022-fallCS,Linux,MCS,Python,SQL,Windows"
0e11d1b9-c20c-4658-b97d-520e7f5f0c8f,"AgapieTA2020-fallINF,BaldwinTA2023-winter,BietzTA2021-springINF,BietzTA2021-winterSWE263PUser,Computer,Computing,Course,CourseTakenGradeINF,CourseTitleInstructorPositionWhenINF,Human-Computer,TAing"
7caf7bbb-4048-4e75-a6d9-9ee7326105e0,"C++,Calculus,CommunIrene,Computer,Course,CourseTakenGradeCS,CourseTitleInstructorPositionWhenCS,GasskoTA2023-winterCS,Java,KaskTA2023-spring,MacOS,MjolsnessTA2022-fallCSE,Python,UCI,Windows,Y271CS,Y273CS,communication,engineering"
395d6fab-0d94-42cd-b15a-d3ee7b82f958,"121NCS,43NSTAT,AWS,C,C++,CI/CD,CSS,California,Chinese,Computer,Consulting,ConvLSTM,Course,CourseTakenGradeINF,Django,EC2,English,Golang,Google-like,HTML,HTML/CSS,Java,JavaScript,Jenkins,Kubernetes,Linux,MATLAB,MongoDB,MySQL,Node.js,PostgreSQL,PyTorch,Python,React,React.JS,Swift,TA,TensorFlow,VHDL,Windows,internship"
9334751a-131a-4c9d-8449-afa542661bd1,"ArmstrongReader2023-winterSTAT,BerrocalReader2022-fallSTAT,C++,CSDavid,Course,CourseTitleInstructorPositionWhenSTAT,GulesserianTA2023-spring,QuReader2022-fallSTAT,SQL"
b0efd26e-aa0c-4afb-b596-bbb35b02d480,"Computer,Course,CourseTakenGradeGDIM,CourseTitleInstructorPositionWhenICS,CullenTA2021-fallGDIM,ICS,RubergTA2017-fallICS,SalenTA2019-winterGDIM,Scully-BakerTA2022-winter,TAed,Windows"
9b7e8c79-ecf5-48dc-a3ed-6e1fad5835e3,"31NICS,32ANICS,32NICS,45CN,C,C/C++,Course,CourseTakenGradeICS,Linux,Python,Windows,conference"
7488e459-af60-4b4d-af0d-4565595fec5b,"110YASTAT,32AYASTAT,67NICS,C,C++,Compiler,Computer,Course,CourseTakenGradeSTAT,Git,Google,Java,JavaScript,MongoDB,NoSQL,PyTorch,Python,SQL,UCSB,scikit-learn"
a4a48f9c-2c55-451f-aa34-edc2768646db,"117NCS,171NCS,175NCS,C++,Course,CourseTakenGradeCS,Java,Linux,Windows"
29aed90a-ec46-4416-bea0-a336566fc63a,"120ANSTAT,120CINTRO,200APNSTAT,200AYASTAT,ArmstrongReader2022-fallSTAT,ArmstrongTA2023-winterSTAT,BIOSTATSDavid,C,CaiTA2023-spring,Course,CourseTakenGradeSTAT,CourseTitleInstructorPositionWhenSTAT,MAC,Python,STAT,STAT/CSDavid,STATS,TA,Windows"
3c207bcb-0b1c-4f4a-b9fc-99989038010f,"200ABC,67NSTAT,7NSTAT,8NSTAT,BaldiTA2022-fallSTAT,BaldiTA2022-springSTAT,BaldiTA2022-winterSTAT,Course,CourseTakenGradeSTAT,CourseTitleInstructorPositionWhenSTAT,TA"
0e41b8d9-98e3-4abb-ad5c-75327dc8f516,"139Critical,274PNICS,BaldiReader2022-springICS,C,C++,CS,Course,CourseTakenGradeCS,CourseTitleInstructorPositionWhenICS,Critical,GasskoReader2021-fallICS,GasskoReader2022-winterCS,ICS,ICS139,Linux,Windows,YoungTA2022-fall"
53d7798a-1ced-40d4-95fc-d193ef79ad3f,"32APython,43YA+ICS,AWS,Azure,C/C++,CA,CSS,Certified,Champion,Chris,Cloud,Code,ComputingDr,Course,CourseTakenGradeINF,CourseTitleInstructorPositionWhenCS,Courses,Docker,Flask/Django,Go,HTML,ICSE,Java,JavaScript,Kubernetes,Linux,Linux-based,Muheymin-Us-SakibTA2023-summerSWE,MySQL,PHP,PiechTA2023-spring,Python,RifatTA2020-winterICS,SCORE,Windows,developer,engineer,engineering,international"
c0b701c0-1132-49f5-a7ef-985777d38ef4,"003NICS,005YAICS,006BYAICS,100SCIENTIFIC,AghasiReader2020-springICS,Canvas,Computer,Course,CourseTakenGradeICS,CourseTitleInstructorPositionWhenEECS,D.TA2021-springBIOSCI,D.TA2022-summer,EECS,ICS,Java,LOGICHadar,OpenCV,Python,SOCGARDNER,TA,TECH,WRITINGCAMERINI,ZivTA2021-winterICS,engineer,engineering"
45b5c2fa-6a33-4783-ba14-921687f335aa,"133YA+ICS,Angular,CS122A,CSS,Course,CourseTakenGradeINF,HTML,Python,Windows"
ce843b33-663e-4b64-9bc3-601ea7684bb2,"Course,CourseTakenGradeINF,HTML/CSS,Java,Javascript,Linux,Python,SQL,Windows"
f2f000e0-8172-406f-a5f8-5701af5531a1,"117YACS,122BYACS,143AYACS,171PROJECT,C,C++,COMPUTER,Centos,Computer,Course,CourseTakenGradeCS,CourseTitleInstructorPositionWhenCS,DISC,GOPIReader2023-winterCS,Java,Linux,MIHAILReader2022-fallICS,SQL,TA,USTC,Ubuntu,VHDL,VISIONCharless,Windows"
1249097a-3e22-42c6-98d4-ceff6e5fc551,"20COMP,45JNICS,C,C++,CS232,CS237,Course,CourseTakenGradeICS,CourseTitleInstructorPositionWhenINF,DIGITAL,DangTA2021-fallEECS,DangTA2022-winter,Java,Linux,MATLAB,NavarroTA2022-springICS,NavarroTA2023-fallEECS,Python,SQL,Windows,communication"
4be6ffca-2c14-4957-b72b-06a19bf9475b,Course
a81932e1-9ec6-4596-9871-c5ea7ce59012,"110STATS,120ANSTAT,200APNSTAT,200AYA+STAT,Course,CourseTakenGradeSTAT,CourseTitleInstructorPositionWhenSTAT,DATA,GulesserianReader2022-fallSTAT,MorrowReader2023-winterSTAT"
3fdd32d6-5166-4c8d-a592-639eac8f84c3,"178YAICS,273AYACS,273CNeural,33YAICS,C/C++,CN-EN,COMP-202,COMP-208,Canada,Championship,Computer,Computing,ComputingMcGill,Course,CourseTakenGradeCS,CourseTitleInstructorPositionWhenCS,ECSE-343,ECSE-420,ECSE-444,ECSE-552,English,Java,Linux,Python,TA,UniversityTA2021-fall,UniversityTA2022-fallCS,UniversityTA2022-winterICS,VHDL,Windows"
f81ca633-5edf-492b-937c-d2b9c5e15552,"178YA+CS,184AYACS,274CDeep,274EYAICS,6NComputational,BaldiTA2022-springICS,Computer,Course,CourseTakenGradeCS,CourseTitleInstructorPositionWhenICS,HarrisTA2022-summer,HarrisTA2022-winterCS,MeenakshisundaramTA2021-fallCS,Python,algebraGopi"
bb1d8b55-fc85-4d32-8d45-908e8121a952,"161YICS,32YAICS,6BYA+CS,Angular,ApplChen,CUCS,Chinese,Computer,Course,CourseTakenGradeCS,CourseTitleInstructorPositionWhenCS,Courses,G.TA2023-winterCS,ICS,Java,KlefstadTA2022-fallICS,LiTA2023-spring,Linux,SQL,UCI"
65048e9f-fb9f-4273-9c68-58e2c282290e,"CSS,Course,CourseTakenGradeINF,CourseTitleInstructorPositionWhenINF,HTML,Human-Computer,Java,JavaScript,Python,UCI,Windows"
a71299e7-4c3d-4db4-9c71-8f70674cea6e,"110NSTAT,120ANSTAT,6NSTAT,C,C++,Course,CourseTakenGradeSTAT,SQL,TA,Windows,taught/TAed"
c44cd1b8-8f10-4762-bb9e-4ed9c519bfd2,"132YACS,178YACS,232YACS,C++,Computer,Course,CourseTakenGradeCS,Java,Linux,Python,SQL,Windows"
